commission_id,deal_id,rep_id,deal_value,commission_rate,commission_amount,payment_date,status,payment_method,tax_withheld
1,1,33,308685,0.059,18212.414999999997,2025-11-23,Pending,Direct Deposit,4553.103749999999
2,2,1,211480,0.123,26012.04,2024-02-11,Pending,Wire Transfer,6503.01
3,3,29,348965,0.084,29313.06,2024-02-05,Disputed,Direct Deposit,7328.265
4,4,9,214783,0.072,15464.375999999998,2025-10-20,Disputed,Wire Transfer,3866.0939999999996
5,5,44,352409,0.113,39822.217000000004,2025-04-11,Pending,Check,9955.554250000001
6,6,43,409635,0.074,30312.989999999998,2024-07-27,Paid,Wire Transfer,7578.2474999999995
7,7,10,182308,0.062,11303.096,2024-01-09,Paid,Wire Transfer,2825.774
8,8,35,77137,0.071,5476.727,2025-04-21,Pending,Direct Deposit,1369.18175
9,9,45,444000,0.136,60384.00000000001,2023-12-26,Disputed,Direct Deposit,15096.000000000002
10,10,33,453420,0.059,26751.78,2025-04-21,Pending,Wire Transfer,6687.945
11,11,38,37057,0.091,3372.187,2024-12-27,Pending,Check,843.04675
12,12,17,212167,0.127,26945.209,2025-03-17,Disputed,Wire Transfer,6736.30225
13,13,25,39419,0.085,3350.6150000000002,2024-10-20,Disputed,Direct Deposit,837.6537500000001
14,14,39,234904,0.081,19027.224000000002,2024-07-08,Disputed,Direct Deposit,4756.8060000000005
15,15,17,342645,0.127,43515.915,2024-12-22,Paid,Check,10878.97875
16,16,15,428639,0.118,50579.401999999995,2024-04-22,Pending,Check,12644.850499999999
17,17,38,64614,0.091,5879.874,2023-12-30,Pending,Check,1469.9685
18,18,8,7584,0.054,409.536,2024-12-08,Disputed,Direct Deposit,102.384
19,19,3,363702,0.104,37825.008,2023-12-11,Disputed,Wire Transfer,9456.252
20,20,27,171596,0.148,25396.208,2025-10-02,Paid,Direct Deposit,6349.052
21,21,12,271602,0.135,36666.270000000004,2024-05-09,Disputed,Check,9166.567500000001
22,22,22,246369,0.113,27839.697,2025-02-03,Paid,Direct Deposit,6959.92425
23,23,18,73079,0.093,6796.347,2024-10-24,Pending,Direct Deposit,1699.08675
24,24,10,165489,0.062,10260.318,2024-03-31,Paid,Direct Deposit,2565.0795
25,25,23,134487,0.105,14121.135,2025-07-20,Disputed,Wire Transfer,3530.28375
26,26,37,222525,0.061,13574.025,2025-02-16,Paid,Direct Deposit,3393.50625
27,27,9,288461,0.072,20769.192,2024-07-14,Pending,Wire Transfer,5192.298
28,28,19,418474,0.111,46450.614,2024-11-04,Pending,Wire Transfer,11612.6535
29,29,2,269541,0.074,19946.034,2023-09-04,Paid,Check,4986.5085
30,30,36,107189,0.063,6752.907,2024-10-22,Pending,Direct Deposit,1688.22675
31,31,3,406984,0.104,42326.335999999996,2024-04-02,Paid,Wire Transfer,10581.583999999999
32,32,17,190254,0.127,24162.258,2025-01-21,Paid,Check,6040.5645
33,33,50,435594,0.1,43559.4,2024-05-18,Pending,Direct Deposit,10889.85
34,34,19,273873,0.111,30399.903000000002,2025-01-07,Disputed,Wire Transfer,7599.9757500000005
35,35,39,102912,0.081,8335.872,2023-10-08,Pending,Direct Deposit,2083.968
36,36,28,151582,0.091,13793.962,2025-02-19,Paid,Direct Deposit,3448.4905
37,37,14,84341,0.065,5482.165,2024-10-25,Disputed,Wire Transfer,1370.54125
38,38,9,380238,0.072,27377.136,2025-07-16,Pending,Wire Transfer,6844.284
39,39,35,319929,0.071,22714.959,2024-07-08,Paid,Wire Transfer,5678.73975
40,40,24,369534,0.097,35844.798,2024-10-22,Pending,Wire Transfer,8961.1995
41,41,1,399359,0.123,49121.157,2024-05-13,Pending,Direct Deposit,12280.28925
42,42,9,462486,0.072,33298.992,2024-12-16,Paid,Wire Transfer,8324.748
43,43,4,465400,0.079,36766.6,2024-05-18,Pending,Check,9191.65
44,44,19,226969,0.111,25193.559,2024-05-12,Pending,Wire Transfer,6298.38975
45,45,11,104063,0.08,8325.04,2024-10-05,Paid,Direct Deposit,2081.26
46,46,35,468850,0.071,33288.35,2023-07-27,Pending,Check,8322.0875
47,47,2,382287,0.074,28289.237999999998,2024-04-14,Paid,Wire Transfer,7072.309499999999
48,48,22,325677,0.113,36801.501000000004,2025-09-21,Paid,Wire Transfer,9200.375250000001
49,49,26,339766,0.077,26161.982,2024-05-06,Disputed,Direct Deposit,6540.4955
50,50,47,22003,0.114,2508.342,2024-04-09,Disputed,Check,627.0855
51,51,3,196804,0.104,20467.615999999998,2023-10-20,Paid,Check,5116.9039999999995
52,52,43,397035,0.074,29380.59,2025-03-10,Pending,Direct Deposit,7345.1475
53,53,42,206600,0.103,21279.8,2023-04-22,Disputed,Wire Transfer,5319.95
54,54,16,497682,0.145,72163.89,2024-12-30,Paid,Direct Deposit,18040.9725
55,55,6,225941,0.15,33891.15,2023-11-22,Disputed,Check,8472.7875
56,56,5,441477,0.09,39732.93,2024-05-24,Disputed,Check,9933.2325
57,57,27,33437,0.148,4948.6759999999995,2024-08-03,Disputed,Wire Transfer,1237.1689999999999
58,58,18,233031,0.093,21671.883,2023-09-18,Paid,Wire Transfer,5417.97075
59,59,2,420110,0.074,31088.14,2025-05-08,Pending,Direct Deposit,7772.035
60,60,41,247729,0.072,17836.487999999998,2024-06-06,Pending,Check,4459.121999999999
61,61,17,283761,0.127,36037.647,2024-01-02,Pending,Check,9009.41175
62,62,20,29179,0.081,2363.4990000000003,2024-07-13,Disputed,Direct Deposit,590.8747500000001
63,63,19,330731,0.111,36711.141,2025-01-22,Pending,Wire Transfer,9177.78525
64,64,39,444178,0.081,35978.418,2024-02-23,Paid,Direct Deposit,8994.6045
65,65,33,284175,0.059,16766.325,2025-07-15,Disputed,Wire Transfer,4191.58125
66,66,22,106400,0.113,12023.2,2024-02-26,Paid,Check,3005.8
67,67,34,431204,0.06,25872.239999999998,2024-12-18,Pending,Wire Transfer,6468.0599999999995
68,68,13,455211,0.132,60087.852000000006,2024-01-20,Pending,Direct Deposit,15021.963000000002
69,69,26,392259,0.077,30203.943,2025-02-12,Disputed,Check,7550.98575
70,70,22,220272,0.113,24890.736,2025-07-19,Pending,Direct Deposit,6222.684
71,71,22,68753,0.113,7769.089,2025-05-23,Paid,Direct Deposit,1942.27225
72,72,47,356798,0.114,40674.972,2025-03-26,Pending,Check,10168.743
73,73,12,408215,0.135,55109.025,2025-01-10,Pending,Check,13777.25625
74,74,26,3037,0.077,233.849,2024-03-26,Pending,Wire Transfer,58.46225
75,75,18,306141,0.093,28471.113,2024-05-25,Disputed,Check,7117.77825
76,76,38,104390,0.091,9499.49,2024-06-10,Pending,Check,2374.8725
77,77,28,454343,0.091,41345.212999999996,2024-07-29,Disputed,Wire Transfer,10336.303249999999
78,78,41,459700,0.072,33098.399999999994,2025-04-22,Pending,Wire Transfer,8274.599999999999
79,79,18,310082,0.093,28837.626,2024-08-24,Paid,Direct Deposit,7209.4065
80,80,47,167773,0.114,19126.122,2025-02-09,Paid,Wire Transfer,4781.5305
81,81,19,65100,0.111,7226.1,2025-10-13,Disputed,Wire Transfer,1806.525
82,82,42,232605,0.103,23958.315,2023-12-19,Pending,Wire Transfer,5989.57875
83,83,43,478422,0.074,35403.227999999996,2023-11-18,Disputed,Direct Deposit,8850.806999999999
84,84,3,307064,0.104,31934.656,2025-05-09,Pending,Direct Deposit,7983.664
85,85,3,404657,0.104,42084.328,2024-03-29,Pending,Wire Transfer,10521.082
86,86,5,127142,0.09,11442.779999999999,2025-10-31,Paid,Direct Deposit,2860.6949999999997
87,87,22,117666,0.113,13296.258,2024-04-06,Paid,Check,3324.0645
88,88,46,331122,0.121,40065.762,2023-07-23,Pending,Direct Deposit,10016.4405
89,89,27,485145,0.148,71801.45999999999,2023-12-01,Paid,Wire Transfer,17950.364999999998
90,90,6,478939,0.15,71840.84999999999,2025-01-26,Disputed,Wire Transfer,17960.212499999998
91,91,15,129149,0.118,15239.581999999999,2024-04-23,Paid,Wire Transfer,3809.8954999999996
92,92,19,493297,0.111,54755.967000000004,2023-09-06,Disputed,Wire Transfer,13688.991750000001
93,93,1,247448,0.123,30436.104,2024-06-19,Pending,Direct Deposit,7609.026
94,94,14,479411,0.065,31161.715,2024-08-22,Disputed,Check,7790.42875
95,95,27,382731,0.148,56644.187999999995,2024-01-03,Disputed,Check,14161.046999999999
96,96,27,120774,0.148,17874.552,2024-05-23,Pending,Check,4468.638
97,97,7,479461,0.071,34041.731,2024-12-16,Pending,Direct Deposit,8510.43275
98,98,20,452729,0.081,36671.049,2025-06-07,Pending,Direct Deposit,9167.76225
99,99,12,127836,0.135,17257.86,2025-08-28,Pending,Check,4314.465
100,100,8,329220,0.054,17777.88,2024-10-03,Disputed,Wire Transfer,4444.47
101,101,13,332141,0.132,43842.612,2026-01-29,Pending,Check,10960.653
102,102,45,155070,0.136,21089.52,2024-08-09,Pending,Direct Deposit,5272.38
103,103,36,319892,0.063,20153.196,2025-05-26,Paid,Direct Deposit,5038.299
104,104,5,21575,0.09,1941.75,2023-12-25,Disputed,Check,485.4375
105,105,31,357490,0.096,34319.04,2024-04-13,Paid,Wire Transfer,8579.76
106,106,12,182506,0.135,24638.31,2023-12-22,Pending,Check,6159.5775
107,107,24,193146,0.097,18735.162,2023-11-30,Paid,Wire Transfer,4683.7905
108,108,40,100431,0.068,6829.308000000001,2023-06-01,Pending,Check,1707.3270000000002
109,109,30,179659,0.093,16708.287,2024-04-15,Disputed,Wire Transfer,4177.07175
110,110,10,319718,0.062,19822.516,2024-08-07,Paid,Check,4955.629
111,111,41,138721,0.072,9987.911999999998,2024-05-20,Paid,Check,2496.9779999999996
112,112,12,364490,0.135,49206.15,2024-04-15,Pending,Wire Transfer,12301.5375
113,113,39,212851,0.081,17240.931,2025-04-12,Disputed,Wire Transfer,4310.23275
114,114,14,304491,0.065,19791.915,2025-08-09,Pending,Check,4947.97875
115,115,10,68562,0.062,4250.844,2025-12-21,Pending,Check,1062.711
116,116,43,1402,0.074,103.74799999999999,2024-04-01,Paid,Wire Transfer,25.936999999999998
117,117,28,376774,0.091,34286.434,2024-01-06,Disputed,Direct Deposit,8571.6085
118,118,23,219454,0.105,23042.67,2023-12-26,Paid,Check,5760.6675
119,119,46,107975,0.121,13064.975,2023-07-19,Pending,Wire Transfer,3266.24375
120,120,31,456687,0.096,43841.952,2024-02-07,Paid,Check,10960.488
121,121,34,101661,0.06,6099.66,2025-01-21,Pending,Direct Deposit,1524.915
122,122,40,133431,0.068,9073.308,2025-03-24,Paid,Direct Deposit,2268.327
123,123,41,438919,0.072,31602.167999999998,2024-12-23,Paid,Wire Transfer,7900.5419999999995
124,124,13,443405,0.132,58529.46,2023-11-29,Paid,Check,14632.365
125,125,22,100312,0.113,11335.256000000001,2023-12-05,Paid,Wire Transfer,2833.8140000000003
126,126,49,238425,0.088,20981.399999999998,2025-12-09,Disputed,Check,5245.349999999999
127,127,14,275159,0.065,17885.335,2024-04-15,Pending,Direct Deposit,4471.33375
128,128,31,180501,0.096,17328.096,2023-07-29,Paid,Direct Deposit,4332.024
129,129,8,229872,0.054,12413.088,2024-07-23,Pending,Wire Transfer,3103.272
130,130,9,304091,0.072,21894.552,2023-09-15,Disputed,Direct Deposit,5473.638
131,131,34,289011,0.06,17340.66,2024-04-25,Disputed,Direct Deposit,4335.165
132,132,2,185716,0.074,13742.983999999999,2025-03-12,Paid,Direct Deposit,3435.7459999999996
133,133,8,309553,0.054,16715.862,2025-08-11,Pending,Wire Transfer,4178.9655
134,134,42,241344,0.103,24858.431999999997,2024-08-06,Disputed,Wire Transfer,6214.607999999999
135,135,48,133903,0.138,18478.614,2023-12-08,Pending,Direct Deposit,4619.6535
136,136,41,123708,0.072,8906.975999999999,2025-08-03,Disputed,Direct Deposit,2226.7439999999997
137,137,21,252926,0.073,18463.597999999998,2025-04-18,Disputed,Wire Transfer,4615.8994999999995
138,138,33,111602,0.059,6584.518,2024-09-07,Paid,Check,1646.1295
139,139,28,149034,0.091,13562.094,2025-02-14,Disputed,Direct Deposit,3390.5235
140,140,10,197851,0.062,12266.762,2025-04-03,Disputed,Wire Transfer,3066.6905
141,141,13,374296,0.132,49407.072,2024-10-26,Pending,Direct Deposit,12351.768
142,142,4,225760,0.079,17835.04,2024-09-01,Pending,Wire Transfer,4458.76
143,143,23,200470,0.105,21049.35,2024-04-24,Paid,Check,5262.3375
144,144,29,342064,0.084,28733.376,2023-09-14,Paid,Wire Transfer,7183.344
145,145,44,37484,0.113,4235.692,2023-10-13,Disputed,Direct Deposit,1058.923
146,146,39,424981,0.081,34423.461,2025-02-05,Pending,Check,8605.86525
147,147,40,53511,0.068,3638.748,2024-09-02,Pending,Check,909.687
148,148,12,188336,0.135,25425.36,2023-09-12,Paid,Check,6356.34
149,149,1,261226,0.123,32130.798,2024-12-08,Paid,Check,8032.6995
150,150,30,244951,0.093,22780.443,2024-11-16,Pending,Check,5695.11075
151,151,5,100916,0.09,9082.44,2023-11-05,Disputed,Wire Transfer,2270.61
152,152,35,57420,0.071,4076.8199999999997,2024-04-24,Paid,Wire Transfer,1019.2049999999999
153,153,11,353831,0.08,28306.48,2024-12-14,Paid,Direct Deposit,7076.62
154,154,49,21157,0.088,1861.8159999999998,2025-05-04,Disputed,Check,465.45399999999995
155,155,5,114203,0.09,10278.27,2025-04-09,Pending,Check,2569.5675
156,156,1,429538,0.123,52833.174,2024-11-21,Paid,Direct Deposit,13208.2935
157,157,1,87980,0.123,10821.539999999999,2024-02-23,Paid,Direct Deposit,2705.3849999999998
158,158,15,410765,0.118,48470.27,2024-08-01,Disputed,Direct Deposit,12117.5675
159,159,5,301611,0.09,27144.989999999998,2023-10-17,Paid,Wire Transfer,6786.2474999999995
160,160,24,185460,0.097,17989.62,2025-01-10,Paid,Check,4497.405
161,161,26,264436,0.077,20361.572,2024-12-26,Paid,Direct Deposit,5090.393
162,162,42,221322,0.103,22796.165999999997,2024-09-21,Paid,Check,5699.041499999999
163,163,15,273989,0.118,32330.701999999997,2023-10-23,Disputed,Wire Transfer,8082.675499999999
164,164,5,424978,0.09,38248.02,2024-07-13,Disputed,Check,9562.005
165,165,40,279856,0.068,19030.208000000002,2024-07-21,Disputed,Direct Deposit,4757.552000000001
166,166,15,392414,0.118,46304.852,2025-06-05,Paid,Wire Transfer,11576.213
167,167,24,299883,0.097,29088.651,2025-06-10,Pending,Direct Deposit,7272.16275
168,168,2,194329,0.074,14380.346,2023-09-18,Paid,Check,3595.0865
169,169,13,452985,0.132,59794.020000000004,2024-06-04,Disputed,Wire Transfer,14948.505000000001
170,170,26,244446,0.077,18822.342,2024-04-06,Disputed,Wire Transfer,4705.5855
171,171,25,440013,0.085,37401.105,2024-06-18,Pending,Wire Transfer,9350.27625
172,172,41,480711,0.072,34611.191999999995,2024-05-14,Paid,Check,8652.797999999999
173,173,40,325632,0.068,22142.976000000002,2024-10-30,Disputed,Direct Deposit,5535.744000000001
174,174,41,285418,0.072,20550.095999999998,2024-12-01,Disputed,Wire Transfer,5137.523999999999
175,175,20,209702,0.081,16985.862,2025-03-29,Disputed,Wire Transfer,4246.4655
176,176,14,374532,0.065,24344.58,2024-07-09,Pending,Direct Deposit,6086.145
177,177,39,492434,0.081,39887.154,2023-12-28,Disputed,Check,9971.7885
178,178,18,397317,0.093,36950.481,2023-11-21,Pending,Wire Transfer,9237.62025
179,179,47,440398,0.114,50205.372,2024-10-04,Paid,Wire Transfer,12551.343
180,180,22,279669,0.113,31602.597,2024-06-05,Disputed,Check,7900.64925
181,181,16,354317,0.145,51375.965,2025-01-26,Pending,Check,12843.99125
182,182,12,289436,0.135,39073.86,2023-12-30,Disputed,Direct Deposit,9768.465
183,183,20,223693,0.081,18119.133,2023-11-07,Pending,Direct Deposit,4529.78325
184,184,20,72554,0.081,5876.874,2024-03-20,Disputed,Check,1469.2185
185,185,9,284769,0.072,20503.368,2024-03-24,Paid,Check,5125.842
186,186,32,295615,0.054,15963.21,2024-08-31,Disputed,Direct Deposit,3990.8025
187,187,9,414764,0.072,29863.007999999998,2024-09-15,Disputed,Wire Transfer,7465.7519999999995
188,188,27,487589,0.148,72163.17199999999,2025-10-30,Disputed,Direct Deposit,18040.792999999998
189,189,15,494965,0.118,58405.869999999995,2025-08-14,Disputed,Direct Deposit,14601.467499999999
190,190,22,451488,0.113,51018.144,2025-06-06,Pending,Wire Transfer,12754.536
191,191,50,225268,0.1,22526.800000000003,2024-11-09,Pending,Check,5631.700000000001
192,192,18,477672,0.093,44423.496,2025-09-18,Disputed,Wire Transfer,11105.874
193,193,26,44908,0.077,3457.916,2024-04-03,Disputed,Direct Deposit,864.479
194,194,39,206617,0.081,16735.977,2024-09-01,Pending,Check,4183.99425
195,195,25,38884,0.085,3305.1400000000003,2025-05-08,Paid,Wire Transfer,826.2850000000001
196,196,11,448825,0.08,35906.0,2024-03-25,Disputed,Direct Deposit,8976.5
197,197,45,429531,0.136,58416.21600000001,2024-11-24,Pending,Wire Transfer,14604.054000000002
198,198,42,23515,0.103,2422.045,2025-06-30,Paid,Direct Deposit,605.51125
199,199,30,72712,0.093,6762.216,2024-09-28,Disputed,Wire Transfer,1690.554
200,200,5,390505,0.09,35145.45,2024-09-20,Paid,Check,8786.3625
201,201,23,466597,0.105,48992.685,2025-07-11,Pending,Direct Deposit,12248.17125
202,202,41,73186,0.072,5269.392,2024-05-31,Disputed,Check,1317.348
203,203,31,300026,0.096,28802.496,2024-04-21,Disputed,Check,7200.624
204,204,14,397820,0.065,25858.3,2024-04-16,Disputed,Wire Transfer,6464.575
205,205,15,334754,0.118,39500.971999999994,2024-10-12,Disputed,Wire Transfer,9875.242999999999
206,206,37,138721,0.061,8461.981,2024-10-16,Pending,Wire Transfer,2115.49525
207,207,7,45557,0.071,3234.5469999999996,2024-03-19,Disputed,Wire Transfer,808.6367499999999
208,208,19,206132,0.111,22880.652000000002,2024-02-24,Pending,Check,5720.1630000000005
209,209,29,95732,0.084,8041.488,2024-06-14,Disputed,Check,2010.372
210,210,4,388990,0.079,30730.21,2024-11-23,Disputed,Direct Deposit,7682.5525
211,211,49,449015,0.088,39513.32,2025-02-04,Pending,Wire Transfer,9878.33
212,212,22,313272,0.113,35399.736000000004,2025-06-10,Pending,Wire Transfer,8849.934000000001
213,213,38,232119,0.091,21122.828999999998,2024-01-28,Disputed,Wire Transfer,5280.7072499999995
214,214,34,307753,0.06,18465.18,2023-09-18,Disputed,Direct Deposit,4616.295
215,215,9,399287,0.072,28748.663999999997,2025-12-31,Paid,Check,7187.165999999999
216,216,26,470587,0.077,36235.199,2024-12-12,Disputed,Wire Transfer,9058.79975
217,217,1,471645,0.123,58012.335,2025-08-10,Paid,Wire Transfer,14503.08375
218,218,12,8896,0.135,1200.96,2023-08-23,Disputed,Direct Deposit,300.24
219,219,14,22972,0.065,1493.18,2024-12-10,Paid,Direct Deposit,373.295
220,220,44,219313,0.113,24782.369000000002,2024-10-29,Paid,Wire Transfer,6195.592250000001
221,221,22,230754,0.113,26075.202,2024-02-18,Disputed,Wire Transfer,6518.8005
222,222,11,297710,0.08,23816.8,2024-06-20,Disputed,Wire Transfer,5954.2
223,223,9,202589,0.072,14586.408,2023-08-03,Disputed,Direct Deposit,3646.602
224,224,44,120344,0.113,13598.872000000001,2025-02-07,Pending,Check,3399.7180000000003
225,225,20,321360,0.081,26030.16,2025-04-01,Disputed,Wire Transfer,6507.54
226,226,43,284619,0.074,21061.806,2024-02-03,Pending,Wire Transfer,5265.4515
227,227,23,360798,0.105,37883.79,2024-05-19,Disputed,Direct Deposit,9470.9475
228,228,10,15520,0.062,962.24,2024-08-04,Pending,Wire Transfer,240.56
229,229,37,427132,0.061,26055.052,2025-02-18,Paid,Direct Deposit,6513.763
230,230,23,382754,0.105,40189.17,2024-10-31,Paid,Check,10047.2925
231,231,15,209138,0.118,24678.284,2023-10-16,Disputed,Wire Transfer,6169.571
232,232,23,299887,0.105,31488.135,2024-07-01,Disputed,Wire Transfer,7872.03375
233,233,46,233049,0.121,28198.929,2023-11-03,Paid,Direct Deposit,7049.73225
234,234,41,433582,0.072,31217.904,2025-04-28,Paid,Check,7804.476
235,235,13,153705,0.132,20289.06,2024-12-12,Disputed,Direct Deposit,5072.265
236,236,12,95064,0.135,12833.640000000001,2024-07-10,Paid,Direct Deposit,3208.4100000000003
237,237,45,286128,0.136,38913.408,2025-03-16,Paid,Check,9728.352
238,238,36,280138,0.063,17648.694,2025-02-07,Pending,Direct Deposit,4412.1735
239,239,11,190071,0.08,15205.68,2024-06-15,Paid,Direct Deposit,3801.42
240,240,6,159576,0.15,23936.399999999998,2025-02-12,Paid,Wire Transfer,5984.099999999999
241,241,45,199382,0.136,27115.952,2025-01-01,Pending,Direct Deposit,6778.988
242,242,43,192456,0.074,14241.743999999999,2024-04-10,Pending,Direct Deposit,3560.4359999999997
243,243,27,496105,0.148,73423.54,2024-09-22,Paid,Direct Deposit,18355.885
244,244,18,23378,0.093,2174.154,2025-09-16,Pending,Direct Deposit,543.5385
245,245,8,165745,0.054,8950.23,2023-12-30,Disputed,Wire Transfer,2237.5575
246,246,25,481818,0.085,40954.530000000006,2025-02-20,Pending,Check,10238.632500000002
247,247,20,246583,0.081,19973.223,2024-05-02,Pending,Wire Transfer,4993.30575
248,248,19,205400,0.111,22799.4,2024-02-22,Disputed,Direct Deposit,5699.85
249,249,28,197642,0.091,17985.422,2023-11-29,Disputed,Wire Transfer,4496.3555
250,250,1,405401,0.123,49864.323,2024-12-08,Pending,Check,12466.08075
251,251,36,100837,0.063,6352.731,2024-03-18,Disputed,Direct Deposit,1588.18275
252,252,33,435969,0.059,25722.171,2023-11-27,Pending,Check,6430.54275
253,253,19,69900,0.111,7758.900000000001,2024-12-29,Pending,Direct Deposit,1939.7250000000001
254,254,50,76814,0.1,7681.400000000001,2025-02-03,Paid,Direct Deposit,1920.3500000000001
255,255,47,237650,0.114,27092.100000000002,2025-07-10,Paid,Wire Transfer,6773.025000000001
256,256,40,222705,0.068,15143.94,2024-02-15,Pending,Wire Transfer,3785.985
257,257,15,338326,0.118,39922.468,2023-10-08,Pending,Direct Deposit,9980.617
258,258,11,184371,0.08,14749.68,2024-02-24,Pending,Direct Deposit,3687.42
259,259,20,292961,0.081,23729.841,2025-06-12,Paid,Check,5932.46025
260,260,16,306707,0.145,44472.515,2023-10-29,Disputed,Direct Deposit,11118.12875
261,261,9,309167,0.072,22260.023999999998,2024-04-04,Paid,Check,5565.005999999999
262,262,35,484188,0.071,34377.348,2024-06-01,Paid,Direct Deposit,8594.337
263,263,47,373599,0.114,42590.286,2024-10-20,Pending,Check,10647.5715
264,264,43,384970,0.074,28487.78,2024-07-07,Paid,Direct Deposit,7121.945
265,265,12,264714,0.135,35736.39,2024-10-28,Disputed,Direct Deposit,8934.0975
266,266,22,303385,0.113,34282.505,2025-01-03,Pending,Check,8570.62625
267,267,46,270385,0.121,32716.585,2023-11-12,Pending,Check,8179.14625
268,268,46,421392,0.121,50988.432,2024-10-21,Paid,Direct Deposit,12747.108
269,269,38,482421,0.091,43900.311,2025-07-17,Disputed,Direct Deposit,10975.07775
270,270,1,331507,0.123,40775.361,2024-09-16,Disputed,Direct Deposit,10193.84025
271,271,25,149880,0.085,12739.800000000001,2024-07-16,Disputed,Wire Transfer,3184.9500000000003
272,272,16,232075,0.145,33650.875,2025-02-14,Pending,Direct Deposit,8412.71875
273,273,33,214297,0.059,12643.523,2025-08-30,Paid,Direct Deposit,3160.88075
274,274,48,297357,0.138,41035.266,2024-11-18,Pending,Wire Transfer,10258.8165
275,275,28,406588,0.091,36999.508,2024-06-04,Pending,Direct Deposit,9249.877
276,276,36,332542,0.063,20950.146,2025-09-08,Pending,Wire Transfer,5237.5365
277,277,46,430147,0.121,52047.787,2023-10-16,Paid,Check,13011.94675
278,278,50,343526,0.1,34352.6,2024-08-08,Pending,Check,8588.15
279,279,41,89324,0.072,6431.3279999999995,2024-08-04,Pending,Wire Transfer,1607.8319999999999
280,280,47,83662,0.114,9537.468,2024-05-14,Paid,Direct Deposit,2384.367
281,281,24,448654,0.097,43519.438,2023-12-06,Paid,Direct Deposit,10879.8595
282,282,8,122002,0.054,6588.108,2024-02-19,Paid,Wire Transfer,1647.027
283,283,7,303112,0.071,21520.951999999997,2025-04-07,Disputed,Direct Deposit,5380.237999999999
284,284,13,287070,0.132,37893.240000000005,2024-12-29,Disputed,Wire Transfer,9473.310000000001
285,285,36,289695,0.063,18250.785,2025-01-12,Pending,Direct Deposit,4562.69625
286,286,29,379828,0.084,31905.552000000003,2024-09-29,Disputed,Check,7976.388000000001
287,287,37,135448,0.061,8262.328,2023-08-28,Disputed,Direct Deposit,2065.582
288,288,39,469408,0.081,38022.048,2025-03-21,Disputed,Check,9505.512
289,289,16,119410,0.145,17314.449999999997,2024-11-14,Disputed,Check,4328.612499999999
290,290,27,288694,0.148,42726.712,2023-12-16,Pending,Check,10681.678
291,291,12,283800,0.135,38313.0,2025-03-30,Pending,Wire Transfer,9578.25
292,292,11,492103,0.08,39368.24,2024-02-08,Disputed,Direct Deposit,9842.06
293,293,20,117220,0.081,9494.82,2024-05-19,Paid,Direct Deposit,2373.705
294,294,12,261284,0.135,35273.340000000004,2024-09-08,Paid,Direct Deposit,8818.335000000001
295,295,3,82623,0.104,8592.792,2023-11-04,Disputed,Check,2148.198
296,296,26,262817,0.077,20236.909,2023-12-25,Pending,Check,5059.22725
297,297,19,112201,0.111,12454.311,2024-06-05,Paid,Check,3113.57775
298,298,17,168911,0.127,21451.697,2024-04-21,Disputed,Check,5362.92425
299,299,21,492218,0.073,35931.914,2024-12-22,Paid,Direct Deposit,8982.9785
300,300,16,194585,0.145,28214.824999999997,2024-11-29,Paid,Wire Transfer,7053.706249999999
301,301,31,487153,0.096,46766.688,2023-08-23,Pending,Direct Deposit,11691.672
302,302,14,154065,0.065,10014.225,2025-08-13,Pending,Check,2503.55625
303,303,31,329475,0.096,31629.600000000002,2024-05-19,Pending,Check,7907.400000000001
304,304,36,106744,0.063,6724.872,2025-03-02,Pending,Check,1681.218
305,305,29,30098,0.084,2528.232,2023-12-20,Disputed,Wire Transfer,632.058
306,306,41,103028,0.072,7418.016,2024-04-08,Paid,Wire Transfer,1854.504
307,307,10,313496,0.062,19436.752,2025-02-10,Pending,Direct Deposit,4859.188
308,308,22,114421,0.113,12929.573,2025-11-01,Disputed,Check,3232.39325
309,309,15,383190,0.118,45216.42,2024-01-24,Paid,Direct Deposit,11304.105
310,310,47,173643,0.114,19795.302,2023-12-09,Pending,Check,4948.8255
311,311,20,69785,0.081,5652.585,2024-11-02,Paid,Direct Deposit,1413.14625
312,312,45,364313,0.136,49546.56800000001,2024-10-27,Disputed,Check,12386.642000000002
313,313,27,429377,0.148,63547.795999999995,2024-03-08,Paid,Check,15886.948999999999
314,314,9,338741,0.072,24389.352,2024-02-03,Paid,Check,6097.338
315,315,7,112765,0.071,8006.315,2023-10-16,Pending,Check,2001.57875
316,316,18,323502,0.093,30085.686,2026-01-01,Paid,Wire Transfer,7521.4215
317,317,15,192743,0.118,22743.674,2024-03-22,Disputed,Check,5685.9185
318,318,49,473384,0.088,41657.791999999994,2025-01-10,Pending,Wire Transfer,10414.447999999999
319,319,31,63262,0.096,6073.152,2023-08-22,Paid,Wire Transfer,1518.288
320,320,1,373810,0.123,45978.63,2024-01-26,Disputed,Wire Transfer,11494.6575
321,321,7,481696,0.071,34200.416,2024-05-12,Pending,Wire Transfer,8550.104
322,322,30,195401,0.093,18172.293,2025-03-23,Disputed,Wire Transfer,4543.07325
323,323,38,482676,0.091,43923.515999999996,2024-05-19,Pending,Direct Deposit,10980.878999999999
324,324,50,487297,0.1,48729.700000000004,2025-09-17,Pending,Wire Transfer,12182.425000000001
325,325,31,343442,0.096,32970.432,2025-11-21,Pending,Check,8242.608
326,326,26,66624,0.077,5130.048,2025-08-15,Pending,Check,1282.512
327,327,31,495032,0.096,47523.072,2025-05-22,Disputed,Wire Transfer,11880.768
328,328,8,477739,0.054,25797.906,2024-02-24,Disputed,Wire Transfer,6449.4765
329,329,24,204479,0.097,19834.463,2025-11-02,Disputed,Wire Transfer,4958.61575
330,330,23,313463,0.105,32913.615,2024-01-13,Paid,Check,8228.40375
331,331,47,450247,0.114,51328.158,2025-02-06,Paid,Wire Transfer,12832.0395
332,332,5,239536,0.09,21558.239999999998,2024-09-12,Paid,Wire Transfer,5389.5599999999995
333,333,11,222707,0.08,17816.56,2024-03-06,Paid,Direct Deposit,4454.14
334,334,9,124255,0.072,8946.359999999999,2023-09-10,Disputed,Wire Transfer,2236.5899999999997
335,335,12,351983,0.135,47517.705,2024-09-17,Disputed,Direct Deposit,11879.42625
336,336,38,412238,0.091,37513.657999999996,2024-07-10,Paid,Direct Deposit,9378.414499999999
337,337,47,426022,0.114,48566.508,2024-01-21,Pending,Direct Deposit,12141.627
338,338,46,357710,0.121,43282.909999999996,2024-03-01,Disputed,Wire Transfer,10820.727499999999
339,339,5,402590,0.09,36233.1,2024-08-23,Disputed,Check,9058.275
340,340,37,260542,0.061,15893.062,2023-12-12,Disputed,Check,3973.2655
341,341,47,13700,0.114,1561.8,2024-08-06,Paid,Direct Deposit,390.45
342,342,48,459635,0.138,63429.630000000005,2025-02-09,Disputed,Check,15857.407500000001
343,343,42,14573,0.103,1501.019,2024-08-04,Pending,Check,375.25475
344,344,26,454108,0.077,34966.316,2024-08-12,Paid,Direct Deposit,8741.579
345,345,32,52320,0.054,2825.2799999999997,2023-04-22,Disputed,Wire Transfer,706.3199999999999
346,346,6,458687,0.15,68803.05,2023-07-07,Pending,Direct Deposit,17200.7625
347,347,34,244073,0.06,14644.38,2023-10-13,Disputed,Direct Deposit,3661.095
348,348,17,445509,0.127,56579.643000000004,2023-11-24,Pending,Direct Deposit,14144.910750000001
349,349,44,202680,0.113,22902.84,2024-06-22,Pending,Check,5725.71
350,350,20,344971,0.081,27942.651,2023-07-02,Paid,Wire Transfer,6985.66275
351,351,45,103600,0.136,14089.6,2025-04-04,Pending,Direct Deposit,3522.4
352,352,8,21761,0.054,1175.094,2023-09-22,Pending,Check,293.7735
353,353,6,371318,0.15,55697.7,2025-01-16,Paid,Check,13924.425
354,354,26,201501,0.077,15515.577,2025-01-08,Pending,Check,3878.89425
355,355,16,199006,0.145,28855.87,2025-08-30,Paid,Check,7213.9675
356,356,46,208747,0.121,25258.387,2024-05-03,Pending,Check,6314.59675
357,357,42,264871,0.103,27281.713,2025-05-11,Paid,Direct Deposit,6820.42825
358,358,43,339321,0.074,25109.753999999997,2024-08-07,Disputed,Direct Deposit,6277.438499999999
359,359,15,269930,0.118,31851.739999999998,2025-06-14,Pending,Wire Transfer,7962.9349999999995
360,360,50,474386,0.1,47438.600000000006,2025-03-03,Disputed,Wire Transfer,11859.650000000001
361,361,50,107171,0.1,10717.1,2024-04-02,Paid,Wire Transfer,2679.275
362,362,7,397877,0.071,28249.266999999996,2025-01-23,Disputed,Check,7062.316749999999
363,363,46,223931,0.121,27095.650999999998,2024-03-09,Paid,Direct Deposit,6773.9127499999995
364,364,34,93532,0.06,5611.92,2025-12-07,Pending,Wire Transfer,1402.98
365,365,47,241451,0.114,27525.414,2024-05-11,Disputed,Check,6881.3535
366,366,29,204389,0.084,17168.676,2023-06-13,Pending,Direct Deposit,4292.169
367,367,45,78506,0.136,10676.816,2025-07-25,Disputed,Wire Transfer,2669.204
368,368,28,175633,0.091,15982.603,2024-08-30,Disputed,Direct Deposit,3995.65075
369,369,28,112373,0.091,10225.943,2024-01-08,Pending,Wire Transfer,2556.48575
370,370,47,275002,0.114,31350.228000000003,2024-05-20,Paid,Direct Deposit,7837.557000000001
371,371,25,483316,0.085,41081.86,2024-02-29,Pending,Wire Transfer,10270.465
372,372,36,36688,0.063,2311.344,2024-02-26,Pending,Check,577.836
373,373,2,36629,0.074,2710.546,2025-11-10,Disputed,Check,677.6365
374,374,35,2301,0.071,163.37099999999998,2023-11-22,Paid,Wire Transfer,40.842749999999995
375,375,25,170322,0.085,14477.37,2023-12-29,Disputed,Direct Deposit,3619.3425
376,376,48,12055,0.138,1663.5900000000001,2024-04-07,Disputed,Direct Deposit,415.89750000000004
377,377,25,112575,0.085,9568.875,2024-10-12,Paid,Wire Transfer,2392.21875
378,378,25,439707,0.085,37375.095,2024-10-30,Paid,Wire Transfer,9343.77375
379,379,24,360324,0.097,34951.428,2024-01-31,Paid,Check,8737.857
380,380,21,289816,0.073,21156.568,2023-11-21,Disputed,Direct Deposit,5289.142
381,381,18,71912,0.093,6687.816,2025-03-11,Paid,Direct Deposit,1671.954
382,382,35,145035,0.071,10297.484999999999,2024-01-13,Disputed,Check,2574.3712499999997
383,383,36,71689,0.063,4516.407,2024-04-01,Pending,Wire Transfer,1129.10175
384,384,25,334605,0.085,28441.425000000003,2025-08-08,Disputed,Direct Deposit,7110.356250000001
385,385,22,79161,0.113,8945.193000000001,2025-10-01,Disputed,Direct Deposit,2236.2982500000003
386,386,21,86775,0.073,6334.575,2024-06-26,Disputed,Direct Deposit,1583.64375
387,387,14,374801,0.065,24362.065000000002,2024-12-21,Paid,Direct Deposit,6090.516250000001
388,388,50,369268,0.1,36926.8,2024-01-05,Pending,Direct Deposit,9231.7
389,389,32,164380,0.054,8876.52,2024-04-04,Disputed,Direct Deposit,2219.13
390,390,31,207065,0.096,19878.24,2024-10-20,Paid,Wire Transfer,4969.56
391,391,23,98689,0.105,10362.345,2024-09-06,Pending,Check,2590.58625
392,392,25,356745,0.085,30323.325,2024-05-02,Paid,Direct Deposit,7580.83125
393,393,50,276297,0.1,27629.7,2023-05-27,Paid,Check,6907.425
394,394,17,218275,0.127,27720.925,2025-01-29,Paid,Check,6930.23125
395,395,4,314931,0.079,24879.549,2024-08-01,Disputed,Wire Transfer,6219.88725
396,396,46,257137,0.121,31113.576999999997,2024-01-10,Disputed,Wire Transfer,7778.394249999999
397,397,6,444929,0.15,66739.34999999999,2025-10-04,Paid,Check,16684.837499999998
398,398,45,173637,0.136,23614.632,2023-10-18,Disputed,Direct Deposit,5903.658
399,399,39,293080,0.081,23739.48,2024-10-11,Pending,Check,5934.87
400,400,28,413221,0.091,37603.111,2024-06-08,Paid,Check,9400.77775
401,401,4,117412,0.079,9275.548,2024-08-02,Pending,Direct Deposit,2318.887
402,402,45,443163,0.136,60270.168000000005,2025-06-11,Pending,Wire Transfer,15067.542000000001
403,403,10,137992,0.062,8555.504,2025-09-09,Disputed,Wire Transfer,2138.876
404,404,3,362428,0.104,37692.511999999995,2025-01-29,Paid,Check,9423.127999999999
405,405,43,152424,0.074,11279.376,2025-06-10,Disputed,Direct Deposit,2819.844
406,406,23,143504,0.105,15067.92,2023-11-07,Pending,Wire Transfer,3766.98
407,407,47,274142,0.114,31252.188000000002,2023-07-30,Disputed,Wire Transfer,7813.0470000000005
408,408,33,100952,0.059,5956.168,2023-08-21,Disputed,Wire Transfer,1489.042
409,409,16,482842,0.145,70012.09,2024-11-13,Disputed,Wire Transfer,17503.0225
410,410,37,20700,0.061,1262.7,2025-02-04,Disputed,Direct Deposit,315.675
411,411,20,254043,0.081,20577.483,2023-06-11,Disputed,Check,5144.37075
412,412,41,301310,0.072,21694.32,2024-07-05,Pending,Direct Deposit,5423.58
413,413,38,3927,0.091,357.35699999999997,2024-01-18,Paid,Check,89.33924999999999
414,414,3,245075,0.104,25487.8,2023-12-16,Paid,Wire Transfer,6371.95
415,415,32,130653,0.054,7055.262,2024-05-15,Paid,Wire Transfer,1763.8155
416,416,38,87226,0.091,7937.566,2023-12-03,Paid,Wire Transfer,1984.3915
417,417,50,419745,0.1,41974.5,2024-09-08,Disputed,Check,10493.625
418,418,38,202718,0.091,18447.338,2023-10-20,Pending,Direct Deposit,4611.8345
419,419,48,456327,0.138,62973.126000000004,2025-08-02,Paid,Check,15743.281500000001
420,420,24,172126,0.097,16696.222,2024-06-30,Disputed,Direct Deposit,4174.0555
421,421,47,273606,0.114,31191.084000000003,2024-03-05,Disputed,Check,7797.771000000001
422,422,21,323759,0.073,23634.407,2023-08-18,Pending,Direct Deposit,5908.60175
423,423,2,65818,0.074,4870.532,2023-12-18,Disputed,Wire Transfer,1217.633
424,424,38,72106,0.091,6561.646,2024-04-30,Disputed,Wire Transfer,1640.4115
425,425,3,447387,0.104,46528.248,2024-03-01,Disputed,Direct Deposit,11632.062
426,426,5,318139,0.09,28632.51,2025-01-26,Paid,Wire Transfer,7158.1275
427,427,46,476964,0.121,57712.644,2023-04-22,Paid,Check,14428.161
428,428,15,485052,0.118,57236.136,2025-02-14,Disputed,Check,14309.034
429,429,32,452305,0.054,24424.47,2024-06-21,Paid,Wire Transfer,6106.1175
430,430,20,121148,0.081,9812.988000000001,2025-05-23,Pending,Check,2453.2470000000003
431,431,43,98924,0.074,7320.375999999999,2023-09-14,Paid,Check,1830.0939999999998
432,432,47,483211,0.114,55086.054000000004,2025-07-21,Disputed,Direct Deposit,13771.513500000001
433,433,31,37872,0.096,3635.712,2023-08-01,Paid,Check,908.928
434,434,42,374045,0.103,38526.634999999995,2024-12-03,Paid,Direct Deposit,9631.658749999999
435,435,9,303906,0.072,21881.232,2025-03-29,Pending,Check,5470.308
436,436,23,216296,0.105,22711.079999999998,2024-11-21,Pending,Direct Deposit,5677.7699999999995
437,437,27,295818,0.148,43781.064,2024-01-06,Paid,Direct Deposit,10945.266
438,438,34,210746,0.06,12644.76,2023-07-10,Disputed,Direct Deposit,3161.19
439,439,37,316524,0.061,19307.964,2024-07-20,Paid,Check,4826.991
440,440,40,280409,0.068,19067.812,2024-05-18,Disputed,Wire Transfer,4766.953
441,441,30,289122,0.093,26888.346,2024-02-12,Paid,Direct Deposit,6722.0865
442,442,44,374951,0.113,42369.463,2024-12-06,Pending,Wire Transfer,10592.36575
443,443,14,329767,0.065,21434.855,2025-03-13,Paid,Wire Transfer,5358.71375
444,444,42,340802,0.103,35102.606,2023-09-23,Paid,Check,8775.6515
445,445,23,329522,0.105,34599.81,2023-10-05,Pending,Check,8649.9525
446,446,18,401357,0.093,37326.201,2025-02-03,Paid,Wire Transfer,9331.55025
447,447,29,144342,0.084,12124.728000000001,2024-12-07,Pending,Direct Deposit,3031.1820000000002
448,448,11,456581,0.08,36526.48,2024-05-22,Pending,Check,9131.62
449,449,31,394391,0.096,37861.536,2025-03-28,Disputed,Check,9465.384
450,450,26,37129,0.077,2858.933,2025-06-19,Paid,Direct Deposit,714.73325
451,451,13,316918,0.132,41833.176,2023-06-09,Disputed,Check,10458.294
452,452,24,306659,0.097,29745.923000000003,2023-10-27,Paid,Direct Deposit,7436.480750000001
453,453,18,26883,0.093,2500.119,2024-05-12,Paid,Wire Transfer,625.02975
454,454,18,377057,0.093,35066.301,2024-02-17,Pending,Wire Transfer,8766.57525
455,455,15,398980,0.118,47079.64,2024-07-18,Pending,Direct Deposit,11769.91
456,456,27,44142,0.148,6533.016,2025-02-22,Paid,Wire Transfer,1633.254
457,457,32,337661,0.054,18233.694,2024-11-08,Disputed,Wire Transfer,4558.4235
458,458,34,400823,0.06,24049.379999999997,2025-05-29,Paid,Check,6012.344999999999
459,459,21,282433,0.073,20617.609,2025-02-18,Disputed,Direct Deposit,5154.40225
460,460,12,494165,0.135,66712.27500000001,2025-08-13,Disputed,Wire Transfer,16678.068750000002
461,461,33,100816,0.059,5948.143999999999,2023-11-26,Disputed,Direct Deposit,1487.0359999999998
462,462,33,299022,0.059,17642.298,2024-08-22,Pending,Direct Deposit,4410.5745
463,463,25,485570,0.085,41273.450000000004,2024-03-01,Paid,Direct Deposit,10318.362500000001
464,464,17,332545,0.127,42233.215000000004,2024-01-08,Paid,Direct Deposit,10558.303750000001
465,465,12,90254,0.135,12184.29,2023-11-19,Pending,Wire Transfer,3046.0725
466,466,13,77986,0.132,10294.152,2025-01-18,Disputed,Check,2573.538
467,467,39,321056,0.081,26005.536,2024-04-27,Paid,Wire Transfer,6501.384
468,468,38,91609,0.091,8336.419,2023-09-29,Pending,Check,2084.10475
469,469,9,76602,0.072,5515.343999999999,2024-04-16,Paid,Wire Transfer,1378.8359999999998
470,470,20,32542,0.081,2635.902,2023-07-17,Pending,Check,658.9755
471,471,23,130062,0.105,13656.51,2025-04-04,Paid,Direct Deposit,3414.1275
472,472,44,426939,0.113,48244.107,2024-04-23,Pending,Wire Transfer,12061.02675
473,473,20,274127,0.081,22204.287,2024-02-20,Paid,Wire Transfer,5551.07175
474,474,47,295134,0.114,33645.276,2025-04-09,Pending,Wire Transfer,8411.319
475,475,38,9826,0.091,894.1659999999999,2025-09-06,Pending,Direct Deposit,223.54149999999998
476,476,34,212179,0.06,12730.74,2023-11-06,Pending,Wire Transfer,3182.685
477,477,39,200107,0.081,16208.667000000001,2025-02-21,Paid,Wire Transfer,4052.1667500000003
478,478,14,413391,0.065,26870.415,2024-05-02,Paid,Wire Transfer,6717.60375
479,479,47,435092,0.114,49600.488000000005,2024-06-13,Pending,Check,12400.122000000001
480,480,48,249658,0.138,34452.804000000004,2023-09-24,Disputed,Check,8613.201000000001
481,481,35,95648,0.071,6791.008,2024-07-03,Pending,Wire Transfer,1697.752
482,482,31,445348,0.096,42753.408,2023-11-28,Pending,Wire Transfer,10688.352
483,483,7,322797,0.071,22918.587,2024-09-16,Paid,Direct Deposit,5729.64675
484,484,8,89460,0.054,4830.84,2024-06-14,Disputed,Check,1207.71
485,485,47,299186,0.114,34107.204,2025-02-07,Paid,Check,8526.801
486,486,4,35076,0.079,2771.004,2024-06-27,Paid,Direct Deposit,692.751
487,487,33,335982,0.059,19822.938,2024-05-13,Paid,Wire Transfer,4955.7345
488,488,49,250747,0.088,22065.735999999997,2024-09-02,Disputed,Direct Deposit,5516.433999999999
489,489,30,274016,0.093,25483.488,2025-04-17,Disputed,Direct Deposit,6370.872
490,490,8,325582,0.054,17581.428,2025-06-14,Paid,Wire Transfer,4395.357
491,491,39,95879,0.081,7766.1990000000005,2025-04-23,Paid,Direct Deposit,1941.5497500000001
492,492,39,167943,0.081,13603.383,2024-06-23,Paid,Check,3400.84575
493,493,40,418668,0.068,28469.424000000003,2023-07-13,Disputed,Wire Transfer,7117.356000000001
494,494,41,181711,0.072,13083.192,2024-08-28,Pending,Check,3270.798
495,495,23,341141,0.105,35819.805,2024-08-28,Disputed,Direct Deposit,8954.95125
496,496,45,59296,0.136,8064.256,2024-02-21,Pending,Check,2016.064
497,497,12,271295,0.135,36624.825000000004,2024-07-16,Paid,Check,9156.206250000001
498,498,40,2050,0.068,139.4,2024-05-16,Pending,Direct Deposit,34.85
499,499,12,172570,0.135,23296.95,2023-06-05,Pending,Direct Deposit,5824.2375
500,500,32,185955,0.054,10041.57,2024-01-04,Disputed,Check,2510.3925
501,501,31,17321,0.096,1662.816,2024-07-27,Disputed,Check,415.704
502,502,22,22873,0.113,2584.649,2024-11-20,Pending,Direct Deposit,646.16225
503,503,13,432139,0.132,57042.348000000005,2023-05-14,Pending,Direct Deposit,14260.587000000001
504,504,22,219546,0.113,24808.698,2025-06-02,Disputed,Direct Deposit,6202.1745
505,505,13,304452,0.132,40187.664000000004,2025-07-08,Paid,Wire Transfer,10046.916000000001
506,506,40,203689,0.068,13850.852,2025-10-28,Disputed,Direct Deposit,3462.713
507,507,44,477379,0.113,53943.827000000005,2023-04-26,Paid,Wire Transfer,13485.956750000001
508,508,13,105798,0.132,13965.336000000001,2024-07-28,Paid,Wire Transfer,3491.3340000000003
509,509,45,88635,0.136,12054.36,2025-02-27,Paid,Direct Deposit,3013.59
510,510,33,385664,0.059,22754.176,2024-08-20,Disputed,Wire Transfer,5688.544
511,511,19,18858,0.111,2093.238,2024-01-27,Pending,Check,523.3095
512,512,30,216534,0.093,20137.662,2024-01-18,Paid,Check,5034.4155
513,513,20,277321,0.081,22463.001,2024-11-13,Disputed,Check,5615.75025
514,514,40,177346,0.068,12059.528,2025-01-28,Pending,Check,3014.882
515,515,43,253600,0.074,18766.399999999998,2024-03-01,Pending,Wire Transfer,4691.599999999999
516,516,26,254658,0.077,19608.666,2024-03-27,Disputed,Wire Transfer,4902.1665
517,517,9,36256,0.072,2610.432,2024-10-01,Pending,Direct Deposit,652.608
518,518,34,122891,0.06,7373.46,2024-07-28,Pending,Direct Deposit,1843.365
519,519,21,374529,0.073,27340.617,2024-09-25,Disputed,Wire Transfer,6835.15425
520,520,30,393499,0.093,36595.407,2024-09-13,Pending,Direct Deposit,9148.85175
521,521,24,167929,0.097,16289.113000000001,2023-12-19,Paid,Wire Transfer,4072.2782500000003
522,522,42,81403,0.103,8384.509,2025-04-20,Paid,Direct Deposit,2096.12725
523,523,4,428358,0.079,33840.282,2023-11-25,Disputed,Check,8460.0705
524,524,42,277846,0.103,28618.138,2024-06-21,Pending,Check,7154.5345
525,525,16,294092,0.145,42643.34,2025-10-05,Pending,Check,10660.835
526,526,49,336482,0.088,29610.415999999997,2024-06-10,Disputed,Check,7402.603999999999
527,527,2,113319,0.074,8385.606,2025-03-30,Pending,Wire Transfer,2096.4015
528,528,37,463220,0.061,28256.42,2025-08-05,Paid,Direct Deposit,7064.105
529,529,38,296197,0.091,26953.927,2024-02-14,Paid,Wire Transfer,6738.48175
530,530,45,304257,0.136,41378.952000000005,2025-07-12,Disputed,Direct Deposit,10344.738000000001
531,531,38,208435,0.091,18967.585,2025-04-02,Pending,Direct Deposit,4741.89625
532,532,39,382158,0.081,30954.798000000003,2023-09-22,Paid,Direct Deposit,7738.699500000001
533,533,40,421737,0.068,28678.116,2025-04-16,Disputed,Check,7169.529
534,534,25,24201,0.085,2057.085,2025-01-03,Pending,Wire Transfer,514.27125
535,535,19,466365,0.111,51766.515,2023-12-06,Disputed,Direct Deposit,12941.62875
536,536,4,177165,0.079,13996.035,2024-09-27,Pending,Check,3499.00875
537,537,17,141002,0.127,17907.254,2024-06-20,Paid,Wire Transfer,4476.8135
538,538,35,64338,0.071,4567.998,2024-05-29,Paid,Check,1141.9995
539,539,2,299073,0.074,22131.402,2023-12-30,Paid,Direct Deposit,5532.8505
540,540,24,397877,0.097,38594.069,2025-01-25,Pending,Wire Transfer,9648.51725
541,541,12,113002,0.135,15255.27,2025-04-28,Disputed,Direct Deposit,3813.8175
542,542,18,392700,0.093,36521.1,2024-07-21,Pending,Wire Transfer,9130.275
543,543,10,462956,0.062,28703.272,2023-12-05,Disputed,Check,7175.818
544,544,22,108644,0.113,12276.772,2024-10-13,Disputed,Check,3069.193
545,545,50,434220,0.1,43422.0,2024-04-21,Pending,Direct Deposit,10855.5
546,546,1,364793,0.123,44869.539,2024-05-19,Pending,Check,11217.38475
547,547,17,495235,0.127,62894.845,2024-10-02,Disputed,Check,15723.71125
548,548,50,372081,0.1,37208.1,2025-03-11,Disputed,Wire Transfer,9302.025
549,549,39,88608,0.081,7177.2480000000005,2025-02-12,Pending,Wire Transfer,1794.3120000000001
550,550,27,53786,0.148,7960.3279999999995,2025-03-02,Disputed,Check,1990.0819999999999
551,551,41,476201,0.072,34286.471999999994,2024-04-14,Pending,Check,8571.617999999999
552,552,42,365319,0.103,37627.856999999996,2025-05-09,Disputed,Direct Deposit,9406.964249999999
553,553,7,161054,0.071,11434.833999999999,2024-09-04,Paid,Direct Deposit,2858.7084999999997
554,554,31,128341,0.096,12320.736,2023-10-28,Disputed,Check,3080.184
555,555,32,344491,0.054,18602.514,2025-03-07,Paid,Direct Deposit,4650.6285
556,556,8,286583,0.054,15475.482,2024-07-30,Paid,Wire Transfer,3868.8705
557,557,16,342159,0.145,49613.05499999999,2025-11-17,Paid,Check,12403.263749999998
558,558,28,459087,0.091,41776.917,2024-03-30,Paid,Check,10444.22925
559,559,34,69770,0.06,4186.2,2025-06-07,Disputed,Wire Transfer,1046.55
560,560,45,489304,0.136,66545.34400000001,2024-02-29,Disputed,Check,16636.336000000003
561,561,10,153535,0.062,9519.17,2024-12-18,Disputed,Wire Transfer,2379.7925
562,562,41,384573,0.072,27689.255999999998,2023-08-14,Pending,Direct Deposit,6922.313999999999
563,563,8,25498,0.054,1376.892,2024-03-03,Pending,Direct Deposit,344.223
564,564,1,302881,0.123,37254.363,2024-05-07,Paid,Wire Transfer,9313.59075
565,565,35,358621,0.071,25462.090999999997,2025-01-12,Paid,Direct Deposit,6365.522749999999
566,566,39,64240,0.081,5203.4400000000005,2024-03-12,Paid,Wire Transfer,1300.8600000000001
567,567,29,348719,0.084,29292.396,2024-09-21,Paid,Wire Transfer,7323.099
568,568,25,323849,0.085,27527.165,2023-09-03,Pending,Wire Transfer,6881.79125
569,569,44,11061,0.113,1249.893,2024-05-02,Pending,Check,312.47325
570,570,49,474482,0.088,41754.416,2023-09-12,Pending,Check,10438.604
571,571,15,131550,0.118,15522.9,2024-10-22,Paid,Wire Transfer,3880.725
572,572,28,479510,0.091,43635.409999999996,2025-09-28,Pending,Check,10908.852499999999
573,573,43,378541,0.074,28012.034,2025-05-06,Pending,Wire Transfer,7003.0085
574,574,39,373512,0.081,30254.472,2024-03-21,Disputed,Direct Deposit,7563.618
575,575,39,401254,0.081,32501.574,2025-08-15,Paid,Direct Deposit,8125.3935
576,576,8,101252,0.054,5467.608,2024-04-11,Disputed,Wire Transfer,1366.902
577,577,14,490367,0.065,31873.855,2025-04-06,Pending,Direct Deposit,7968.46375
578,578,27,454029,0.148,67196.292,2024-02-28,Pending,Wire Transfer,16799.073
579,579,4,30632,0.079,2419.928,2023-09-03,Pending,Check,604.982
580,580,31,288978,0.096,27741.888,2025-02-07,Disputed,Direct Deposit,6935.472
581,581,12,41226,0.135,5565.51,2023-08-13,Pending,Wire Transfer,1391.3775
582,582,15,12742,0.118,1503.5559999999998,2025-02-08,Paid,Check,375.88899999999995
583,583,13,468913,0.132,61896.516,2024-12-09,Paid,Check,15474.129
584,584,18,306714,0.093,28524.402,2024-02-03,Disputed,Direct Deposit,7131.1005
585,585,12,341995,0.135,46169.325000000004,2024-01-01,Pending,Wire Transfer,11542.331250000001
586,586,27,350046,0.148,51806.808,2023-06-27,Disputed,Check,12951.702
587,587,47,320591,0.114,36547.374,2024-12-18,Paid,Check,9136.8435
588,588,17,383622,0.127,48719.994,2023-12-14,Pending,Wire Transfer,12179.9985
589,589,3,459230,0.104,47759.92,2023-11-28,Paid,Wire Transfer,11939.98
590,590,7,247592,0.071,17579.032,2023-04-25,Disputed,Direct Deposit,4394.758
591,591,8,312319,0.054,16865.226,2024-10-05,Paid,Direct Deposit,4216.3065
592,592,25,347854,0.085,29567.590000000004,2024-10-24,Paid,Wire Transfer,7391.897500000001
593,593,18,360010,0.093,33480.93,2025-03-03,Paid,Check,8370.2325
594,594,29,338214,0.084,28409.976000000002,2025-04-29,Pending,Direct Deposit,7102.494000000001
595,595,8,279116,0.054,15072.264,2024-04-22,Disputed,Check,3768.066
596,596,33,50069,0.059,2954.071,2025-08-23,Paid,Direct Deposit,738.51775
597,597,10,64307,0.062,3987.034,2025-03-26,Paid,Check,996.7585
598,598,9,127910,0.072,9209.519999999999,2024-04-01,Disputed,Wire Transfer,2302.3799999999997
599,599,31,154571,0.096,14838.816,2025-09-05,Pending,Check,3709.704
600,600,22,228217,0.113,25788.521,2024-12-26,Pending,Direct Deposit,6447.13025
601,601,46,325825,0.121,39424.825,2024-04-16,Disputed,Check,9856.20625
602,602,1,490156,0.123,60289.188,2025-07-15,Paid,Direct Deposit,15072.297
603,603,23,494636,0.105,51936.78,2024-08-31,Pending,Check,12984.195
604,604,39,118756,0.081,9619.236,2024-10-10,Disputed,Wire Transfer,2404.809
605,605,14,272006,0.065,17680.39,2025-02-04,Disputed,Direct Deposit,4420.0975
606,606,3,44817,0.104,4660.968,2025-11-15,Paid,Check,1165.242
607,607,40,466432,0.068,31717.376000000004,2024-02-13,Pending,Wire Transfer,7929.344000000001
608,608,45,131613,0.136,17899.368000000002,2023-12-17,Disputed,Direct Deposit,4474.842000000001
609,609,17,394137,0.127,50055.399,2024-12-21,Disputed,Direct Deposit,12513.84975
610,610,31,365694,0.096,35106.624,2024-08-09,Disputed,Wire Transfer,8776.656
611,611,14,154466,0.065,10040.29,2025-01-19,Disputed,Direct Deposit,2510.0725
612,612,44,82849,0.113,9361.937,2025-03-28,Paid,Direct Deposit,2340.48425
613,613,18,294819,0.093,27418.167,2023-09-25,Pending,Check,6854.54175
614,614,30,395668,0.093,36797.123999999996,2025-03-17,Pending,Direct Deposit,9199.280999999999
615,615,11,176888,0.08,14151.04,2025-08-17,Disputed,Check,3537.76
616,616,28,176851,0.091,16093.440999999999,2024-02-29,Paid,Direct Deposit,4023.3602499999997
617,617,5,230785,0.09,20770.649999999998,2024-11-24,Pending,Wire Transfer,5192.662499999999
618,618,17,18087,0.127,2297.049,2023-07-18,Paid,Direct Deposit,574.26225
619,619,8,359501,0.054,19413.054,2023-10-09,Pending,Wire Transfer,4853.2635
620,620,48,280127,0.138,38657.526000000005,2024-07-23,Paid,Direct Deposit,9664.381500000001
621,621,10,383405,0.062,23771.11,2023-10-14,Pending,Wire Transfer,5942.7775
622,622,7,203162,0.071,14424.501999999999,2025-12-10,Disputed,Wire Transfer,3606.1254999999996
623,623,28,462197,0.091,42059.926999999996,2024-09-26,Paid,Wire Transfer,10514.981749999999
624,624,33,414986,0.059,24484.174,2024-12-11,Disputed,Wire Transfer,6121.0435
625,625,30,106817,0.093,9933.981,2024-10-12,Disputed,Check,2483.49525
626,626,44,4994,0.113,564.322,2023-11-28,Disputed,Wire Transfer,141.0805
627,627,5,371359,0.09,33422.31,2024-07-30,Paid,Check,8355.5775
628,628,47,474019,0.114,54038.166000000005,2024-07-30,Disputed,Wire Transfer,13509.541500000001
629,629,2,201525,0.074,14912.849999999999,2024-09-29,Paid,Direct Deposit,3728.2124999999996
630,630,8,391138,0.054,21121.452,2023-11-29,Disputed,Wire Transfer,5280.363
631,631,47,353188,0.114,40263.432,2024-03-06,Pending,Direct Deposit,10065.858
632,632,14,161468,0.065,10495.42,2025-11-30,Disputed,Direct Deposit,2623.855
633,633,18,207213,0.093,19270.809,2024-09-28,Disputed,Direct Deposit,4817.70225
634,634,41,96936,0.072,6979.392,2025-05-12,Pending,Check,1744.848
635,635,32,375375,0.054,20270.25,2024-11-20,Pending,Direct Deposit,5067.5625
636,636,17,78246,0.127,9937.242,2023-12-20,Pending,Direct Deposit,2484.3105
637,637,30,277855,0.093,25840.515,2025-02-06,Paid,Direct Deposit,6460.12875
638,638,45,396303,0.136,53897.208000000006,2024-12-25,Pending,Direct Deposit,13474.302000000001
639,639,20,114830,0.081,9301.23,2025-02-04,Pending,Wire Transfer,2325.3075
640,640,46,141470,0.121,17117.87,2025-02-17,Disputed,Direct Deposit,4279.4675
641,641,24,350425,0.097,33991.225,2023-12-13,Disputed,Direct Deposit,8497.80625
642,642,15,277882,0.118,32790.076,2024-08-13,Disputed,Wire Transfer,8197.519
643,643,16,493173,0.145,71510.08499999999,2023-11-21,Paid,Check,17877.521249999998
644,644,21,96055,0.073,7012.014999999999,2023-09-23,Pending,Wire Transfer,1753.0037499999999
645,645,41,186364,0.072,13418.207999999999,2025-03-08,Disputed,Wire Transfer,3354.5519999999997
646,646,49,266401,0.088,23443.287999999997,2024-11-29,Disputed,Wire Transfer,5860.821999999999
647,647,9,385594,0.072,27762.767999999996,2024-11-03,Pending,Direct Deposit,6940.691999999999
648,648,5,81215,0.09,7309.349999999999,2025-09-10,Paid,Wire Transfer,1827.3374999999999
649,649,49,457342,0.088,40246.096,2024-11-10,Pending,Wire Transfer,10061.524
650,650,15,335870,0.118,39632.659999999996,2023-07-05,Paid,Wire Transfer,9908.164999999999
651,651,26,424467,0.077,32683.959,2023-11-11,Paid,Wire Transfer,8170.98975
652,652,49,390373,0.088,34352.824,2023-11-21,Paid,Direct Deposit,8588.206
653,653,41,488095,0.072,35142.84,2024-07-23,Disputed,Check,8785.71
654,654,9,418128,0.072,30105.215999999997,2024-07-20,Pending,Direct Deposit,7526.303999999999
655,655,24,168202,0.097,16315.594000000001,2024-06-08,Pending,Direct Deposit,4078.8985000000002
656,656,36,320561,0.063,20195.343,2025-08-12,Disputed,Check,5048.83575
657,657,43,12170,0.074,900.5799999999999,2024-07-11,Pending,Direct Deposit,225.14499999999998
658,658,15,168787,0.118,19916.865999999998,2024-03-02,Pending,Check,4979.2164999999995
659,659,15,70089,0.118,8270.502,2023-09-23,Disputed,Check,2067.6255
660,660,31,416645,0.096,39997.92,2024-03-08,Disputed,Check,9999.48
661,661,17,62366,0.127,7920.482,2025-01-13,Paid,Check,1980.1205
662,662,7,54602,0.071,3876.7419999999997,2025-04-06,Pending,Wire Transfer,969.1854999999999
663,663,30,304259,0.093,28296.087,2023-12-01,Paid,Check,7074.02175
664,664,39,64647,0.081,5236.407,2023-10-21,Paid,Direct Deposit,1309.10175
665,665,6,135631,0.15,20344.649999999998,2025-05-22,Disputed,Wire Transfer,5086.162499999999
666,666,1,261220,0.123,32130.06,2024-10-09,Paid,Check,8032.515
667,667,25,494221,0.085,42008.785,2025-10-07,Pending,Check,10502.19625
668,668,27,399190,0.148,59080.119999999995,2024-11-12,Paid,Wire Transfer,14770.029999999999
669,669,45,282165,0.136,38374.44,2024-04-16,Disputed,Check,9593.61
670,670,28,283784,0.091,25824.344,2024-02-19,Pending,Wire Transfer,6456.086
671,671,49,166743,0.088,14673.384,2024-07-21,Paid,Wire Transfer,3668.346
672,672,50,433561,0.1,43356.100000000006,2024-11-27,Pending,Direct Deposit,10839.025000000001
673,673,28,421834,0.091,38386.894,2025-03-26,Pending,Direct Deposit,9596.7235
674,674,37,26249,0.061,1601.189,2024-05-01,Pending,Wire Transfer,400.29725
675,675,24,177044,0.097,17173.268,2024-07-26,Disputed,Wire Transfer,4293.317
676,676,14,446593,0.065,29028.545000000002,2024-03-30,Paid,Wire Transfer,7257.1362500000005
677,677,22,75854,0.113,8571.502,2024-12-23,Paid,Check,2142.8755
678,678,38,479299,0.091,43616.208999999995,2024-08-03,Paid,Check,10904.052249999999
679,679,50,132495,0.1,13249.5,2025-03-26,Pending,Check,3312.375
680,680,5,472229,0.09,42500.61,2025-02-10,Pending,Wire Transfer,10625.1525
681,681,7,89995,0.071,6389.6449999999995,2024-12-07,Pending,Direct Deposit,1597.4112499999999
682,682,35,451658,0.071,32067.717999999997,2024-09-12,Pending,Direct Deposit,8016.929499999999
683,683,42,453343,0.103,46694.329,2025-12-12,Pending,Direct Deposit,11673.58225
684,684,1,296640,0.123,36486.72,2024-07-22,Pending,Wire Transfer,9121.68
685,685,43,392505,0.074,29045.37,2024-12-26,Disputed,Check,7261.3425
686,686,4,294363,0.079,23254.677,2025-08-23,Pending,Direct Deposit,5813.66925
687,687,2,490399,0.074,36289.526,2025-09-09,Disputed,Check,9072.3815
688,688,6,482173,0.15,72325.95,2024-12-05,Paid,Wire Transfer,18081.4875
689,689,10,47967,0.062,2973.954,2024-06-03,Disputed,Direct Deposit,743.4885
690,690,7,439236,0.071,31185.755999999998,2024-04-02,Disputed,Direct Deposit,7796.438999999999
691,691,46,219551,0.121,26565.671,2024-02-22,Pending,Wire Transfer,6641.41775
692,692,49,28360,0.088,2495.68,2023-08-16,Pending,Direct Deposit,623.92
693,693,31,409799,0.096,39340.704,2024-04-17,Pending,Check,9835.176
694,694,25,51874,0.085,4409.29,2025-08-17,Pending,Check,1102.3225
695,695,8,301520,0.054,16282.08,2025-01-28,Paid,Check,4070.52
696,696,14,363557,0.065,23631.205,2024-09-22,Disputed,Direct Deposit,5907.80125
697,697,10,224550,0.062,13922.1,2024-05-06,Disputed,Direct Deposit,3480.525
698,698,27,379049,0.148,56099.252,2023-06-30,Paid,Check,14024.813
699,699,5,451536,0.09,40638.24,2024-03-08,Paid,Direct Deposit,10159.56
700,700,4,24639,0.079,1946.481,2024-10-24,Disputed,Wire Transfer,486.62025
701,701,10,128214,0.062,7949.268,2024-04-29,Pending,Wire Transfer,1987.317
702,702,12,432148,0.135,58339.98,2025-08-04,Paid,Direct Deposit,14584.995
703,703,2,3446,0.074,255.004,2024-04-09,Paid,Wire Transfer,63.751
704,704,22,410302,0.113,46364.126000000004,2023-06-22,Paid,Direct Deposit,11591.031500000001
705,705,3,234413,0.104,24378.951999999997,2024-01-29,Disputed,Direct Deposit,6094.737999999999
706,706,43,160532,0.074,11879.367999999999,2024-11-15,Pending,Wire Transfer,2969.8419999999996
707,707,43,40308,0.074,2982.792,2024-04-19,Pending,Direct Deposit,745.698
708,708,22,406581,0.113,45943.653,2023-06-26,Paid,Wire Transfer,11485.91325
709,709,31,131518,0.096,12625.728000000001,2023-12-14,Pending,Check,3156.4320000000002
710,710,3,398149,0.104,41407.496,2024-04-16,Disputed,Direct Deposit,10351.874
711,711,12,457787,0.135,61801.245,2025-08-11,Pending,Check,15450.31125
712,712,7,299039,0.071,21231.768999999997,2025-04-29,Disputed,Direct Deposit,5307.942249999999
713,713,9,146933,0.072,10579.176,2025-01-17,Paid,Wire Transfer,2644.794
714,714,38,38879,0.091,3537.989,2024-11-08,Pending,Check,884.49725
715,715,32,1721,0.054,92.934,2023-10-26,Disputed,Check,23.2335
716,716,32,441896,0.054,23862.384,2024-05-12,Disputed,Direct Deposit,5965.596
717,717,42,144190,0.103,14851.57,2024-05-12,Paid,Direct Deposit,3712.8925
718,718,38,82825,0.091,7537.075,2024-09-24,Paid,Wire Transfer,1884.26875
719,719,40,100653,0.068,6844.404,2024-04-22,Pending,Wire Transfer,1711.101
720,720,48,119520,0.138,16493.760000000002,2025-02-20,Pending,Wire Transfer,4123.4400000000005
721,721,13,50549,0.132,6672.468000000001,2025-01-11,Paid,Wire Transfer,1668.1170000000002
722,722,21,440912,0.073,32186.575999999997,2024-09-15,Disputed,Check,8046.643999999999
723,723,27,155861,0.148,23067.428,2023-12-08,Paid,Wire Transfer,5766.857
724,724,20,92134,0.081,7462.854,2024-12-17,Disputed,Check,1865.7135
725,725,36,413087,0.063,26024.481,2026-01-09,Pending,Direct Deposit,6506.12025
726,726,38,497585,0.091,45280.235,2024-02-08,Paid,Direct Deposit,11320.05875
727,727,7,3086,0.071,219.106,2025-07-30,Pending,Wire Transfer,54.7765
728,728,6,370628,0.15,55594.2,2024-07-22,Pending,Check,13898.55
729,729,22,163744,0.113,18503.072,2024-12-08,Disputed,Check,4625.768
730,730,11,456512,0.08,36520.96,2025-04-13,Pending,Wire Transfer,9130.24
731,731,37,386855,0.061,23598.155,2025-09-15,Disputed,Wire Transfer,5899.53875
732,732,46,387114,0.121,46840.794,2025-08-27,Paid,Wire Transfer,11710.1985
733,733,11,112814,0.08,9025.12,2023-09-28,Pending,Direct Deposit,2256.28
734,734,2,449705,0.074,33278.17,2024-07-27,Pending,Direct Deposit,8319.5425
735,735,13,369413,0.132,48762.516,2024-03-03,Paid,Check,12190.629
736,736,48,493579,0.138,68113.902,2023-12-02,Paid,Wire Transfer,17028.4755
737,737,13,39066,0.132,5156.712,2024-05-01,Pending,Check,1289.178
738,738,35,397632,0.071,28231.871999999996,2023-10-20,Disputed,Check,7057.967999999999
739,739,36,127904,0.063,8057.952,2023-10-20,Disputed,Check,2014.488
740,740,15,324998,0.118,38349.763999999996,2024-05-09,Paid,Direct Deposit,9587.440999999999
741,741,30,113791,0.093,10582.563,2024-05-03,Disputed,Check,2645.64075
742,742,22,280011,0.113,31641.243000000002,2024-02-29,Pending,Check,7910.310750000001
743,743,17,456875,0.127,58023.125,2025-09-10,Pending,Check,14505.78125
744,744,3,132783,0.104,13809.431999999999,2024-10-30,Pending,Check,3452.3579999999997
745,745,7,400934,0.071,28466.314,2023-05-23,Pending,Check,7116.5785
746,746,3,203717,0.104,21186.568,2025-01-18,Disputed,Direct Deposit,5296.642
747,747,42,148894,0.103,15336.081999999999,2024-06-19,Disputed,Direct Deposit,3834.0204999999996
748,748,42,314530,0.103,32396.589999999997,2024-05-17,Pending,Direct Deposit,8099.147499999999
749,749,28,48868,0.091,4446.988,2024-07-25,Disputed,Direct Deposit,1111.747
750,750,6,191370,0.15,28705.5,2025-04-21,Disputed,Wire Transfer,7176.375
751,751,31,91027,0.096,8738.592,2024-03-06,Pending,Check,2184.648
752,752,49,105234,0.088,9260.591999999999,2023-08-13,Paid,Check,2315.1479999999997
753,753,41,4916,0.072,353.952,2025-06-22,Disputed,Direct Deposit,88.488
754,754,9,121912,0.072,8777.663999999999,2024-11-03,Pending,Wire Transfer,2194.4159999999997
755,755,11,262905,0.08,21032.4,2024-05-23,Paid,Direct Deposit,5258.1
756,756,7,71952,0.071,5108.592,2024-04-20,Pending,Wire Transfer,1277.148
757,757,22,324646,0.113,36684.998,2025-08-02,Pending,Check,9171.2495
758,758,8,313372,0.054,16922.088,2024-04-19,Disputed,Check,4230.522
759,759,3,17369,0.104,1806.376,2023-09-27,Disputed,Wire Transfer,451.594
760,760,11,463848,0.08,37107.840000000004,2024-02-06,Disputed,Check,9276.960000000001
761,761,42,250029,0.103,25752.986999999997,2024-09-13,Paid,Check,6438.246749999999
762,762,26,38476,0.077,2962.652,2024-09-09,Disputed,Wire Transfer,740.663
763,763,30,69316,0.093,6446.388,2024-09-20,Pending,Wire Transfer,1611.597
764,764,16,455894,0.145,66104.62999999999,2024-02-04,Pending,Check,16526.157499999998
765,765,42,475518,0.103,48978.354,2024-04-19,Pending,Check,12244.5885
766,766,16,190522,0.145,27625.69,2025-03-13,Paid,Wire Transfer,6906.4225
767,767,31,106107,0.096,10186.272,2025-04-23,Paid,Direct Deposit,2546.568
768,768,48,235905,0.138,32554.890000000003,2025-03-07,Pending,Wire Transfer,8138.722500000001
769,769,31,53892,0.096,5173.6320000000005,2024-01-04,Disputed,Wire Transfer,1293.4080000000001
770,770,12,304363,0.135,41089.005000000005,2024-11-28,Paid,Check,10272.251250000001
771,771,27,256772,0.148,38002.256,2023-06-12,Disputed,Wire Transfer,9500.564
772,772,19,196574,0.111,21819.714,2024-08-17,Disputed,Check,5454.9285
773,773,20,187184,0.081,15161.904,2025-03-08,Pending,Check,3790.476
774,774,14,13360,0.065,868.4,2024-03-29,Pending,Wire Transfer,217.1
775,775,29,465486,0.084,39100.824,2024-03-06,Disputed,Wire Transfer,9775.206
776,776,26,347580,0.077,26763.66,2023-11-20,Pending,Check,6690.915
777,777,49,24682,0.088,2172.016,2024-09-06,Paid,Wire Transfer,543.004
778,778,10,449146,0.062,27847.052,2024-04-19,Disputed,Wire Transfer,6961.763
779,779,4,94214,0.079,7442.906,2024-09-04,Pending,Direct Deposit,1860.7265
780,780,50,296722,0.1,29672.2,2025-12-17,Pending,Check,7418.05
781,781,4,259856,0.079,20528.624,2023-10-15,Paid,Direct Deposit,5132.156
782,782,5,140518,0.09,12646.619999999999,2024-06-19,Pending,Wire Transfer,3161.6549999999997
783,783,31,489652,0.096,47006.592000000004,2025-04-12,Pending,Direct Deposit,11751.648000000001
784,784,31,258559,0.096,24821.664,2024-08-06,Pending,Direct Deposit,6205.416
785,785,9,205953,0.072,14828.615999999998,2024-11-12,Disputed,Wire Transfer,3707.1539999999995
786,786,20,472797,0.081,38296.557,2024-02-24,Pending,Direct Deposit,9574.13925
787,787,33,393458,0.059,23214.021999999997,2024-08-16,Paid,Wire Transfer,5803.505499999999
788,788,34,130078,0.06,7804.679999999999,2024-07-08,Disputed,Wire Transfer,1951.1699999999998
789,789,31,430850,0.096,41361.6,2024-03-30,Pending,Wire Transfer,10340.4
790,790,32,425733,0.054,22989.582,2024-08-19,Disputed,Wire Transfer,5747.3955
791,791,48,227455,0.138,31388.79,2024-10-27,Pending,Direct Deposit,7847.1975
792,792,6,354715,0.15,53207.25,2024-05-22,Pending,Direct Deposit,13301.8125
793,793,45,175060,0.136,23808.160000000003,2024-11-20,Disputed,Check,5952.040000000001
794,794,37,38257,0.061,2333.677,2024-08-13,Paid,Direct Deposit,583.41925
795,795,20,46454,0.081,3762.7740000000003,2025-03-23,Disputed,Direct Deposit,940.6935000000001
796,796,22,369569,0.113,41761.297,2025-08-04,Disputed,Check,10440.32425
797,797,27,253238,0.148,37479.223999999995,2023-12-25,Disputed,Wire Transfer,9369.805999999999
798,798,15,270358,0.118,31902.244,2025-01-16,Disputed,Wire Transfer,7975.561
799,799,33,375663,0.059,22164.117,2024-03-13,Disputed,Wire Transfer,5541.02925
800,800,13,271519,0.132,35840.508,2025-03-18,Disputed,Direct Deposit,8960.127
801,801,5,407805,0.09,36702.45,2024-09-13,Paid,Wire Transfer,9175.6125
802,802,42,382806,0.103,39429.018,2024-08-21,Pending,Check,9857.2545
803,803,15,377680,0.118,44566.24,2023-11-09,Pending,Wire Transfer,11141.56
804,804,25,31592,0.085,2685.32,2023-11-14,Disputed,Check,671.33
805,805,23,72161,0.105,7576.905,2024-12-06,Paid,Wire Transfer,1894.22625
806,806,42,23363,0.103,2406.3889999999997,2025-08-22,Disputed,Direct Deposit,601.5972499999999
807,807,3,293996,0.104,30575.584,2024-06-24,Paid,Check,7643.896
808,808,24,494485,0.097,47965.045,2023-10-12,Pending,Check,11991.26125
809,809,3,153786,0.104,15993.743999999999,2024-11-28,Pending,Wire Transfer,3998.4359999999997
810,810,24,73221,0.097,7102.437,2023-12-04,Disputed,Check,1775.60925
811,811,35,234238,0.071,16630.897999999997,2024-12-16,Pending,Check,4157.724499999999
812,812,37,125357,0.061,7646.777,2024-10-04,Disputed,Check,1911.69425
813,813,32,85230,0.054,4602.42,2025-03-21,Disputed,Direct Deposit,1150.605
814,814,43,474967,0.074,35147.558,2025-08-02,Pending,Wire Transfer,8786.8895
815,815,26,48901,0.077,3765.377,2024-09-04,Pending,Check,941.34425
816,816,6,295499,0.15,44324.85,2024-01-27,Paid,Wire Transfer,11081.2125
817,817,4,96905,0.079,7655.495,2024-08-31,Disputed,Direct Deposit,1913.87375
818,818,13,383819,0.132,50664.108,2024-07-16,Paid,Check,12666.027
819,819,9,207338,0.072,14928.336,2024-07-11,Disputed,Direct Deposit,3732.084
820,820,24,147493,0.097,14306.821,2024-03-06,Disputed,Direct Deposit,3576.70525
821,821,8,212116,0.054,11454.264,2025-02-25,Disputed,Check,2863.566
822,822,10,73227,0.062,4540.074,2023-09-16,Paid,Check,1135.0185
823,823,42,23005,0.103,2369.515,2024-01-13,Paid,Wire Transfer,592.37875
824,824,39,283659,0.081,22976.379,2024-04-27,Disputed,Wire Transfer,5744.09475
825,825,39,67574,0.081,5473.494000000001,2025-02-25,Paid,Wire Transfer,1368.3735000000001
826,826,40,128159,0.068,8714.812,2023-11-05,Pending,Wire Transfer,2178.703
827,827,16,316623,0.145,45910.335,2024-11-28,Paid,Check,11477.58375
828,828,6,174469,0.15,26170.35,2024-05-14,Pending,Check,6542.5875
829,829,7,48998,0.071,3478.8579999999997,2024-05-14,Disputed,Direct Deposit,869.7144999999999
830,830,33,217770,0.059,12848.429999999998,2024-12-19,Disputed,Direct Deposit,3212.1074999999996
831,831,23,376808,0.105,39564.84,2025-09-24,Disputed,Check,9891.21
832,832,41,170102,0.072,12247.344,2025-05-11,Paid,Check,3061.836
833,833,41,476407,0.072,34301.304,2025-09-17,Paid,Check,8575.326
834,834,1,489016,0.123,60148.968,2024-09-09,Disputed,Check,15037.242
835,835,20,17068,0.081,1382.508,2024-09-05,Disputed,Wire Transfer,345.627
836,836,36,214060,0.063,13485.78,2024-05-04,Pending,Check,3371.445
837,837,44,130087,0.113,14699.831,2024-05-24,Pending,Check,3674.95775
838,838,11,158840,0.08,12707.2,2024-10-09,Disputed,Wire Transfer,3176.8
839,839,9,422842,0.072,30444.623999999996,2025-01-02,Disputed,Direct Deposit,7611.155999999999
840,840,16,483812,0.145,70152.73999999999,2024-10-29,Pending,Direct Deposit,17538.184999999998
841,841,8,488215,0.054,26363.61,2025-07-06,Paid,Check,6590.9025
842,842,33,306674,0.059,18093.766,2023-12-01,Pending,Wire Transfer,4523.4415
843,843,2,2239,0.074,165.68599999999998,2025-01-07,Paid,Direct Deposit,41.421499999999995
844,844,22,178258,0.113,20143.154000000002,2025-09-20,Pending,Direct Deposit,5035.788500000001
845,845,32,401820,0.054,21698.28,2024-02-29,Paid,Check,5424.57
846,846,48,110062,0.138,15188.556,2023-05-21,Paid,Wire Transfer,3797.139
847,847,31,490643,0.096,47101.728,2025-06-08,Pending,Wire Transfer,11775.432
848,848,45,381069,0.136,51825.384000000005,2024-10-13,Disputed,Direct Deposit,12956.346000000001
849,849,25,215153,0.085,18288.005,2024-12-13,Paid,Check,4572.00125
850,850,10,205316,0.062,12729.592,2023-11-19,Pending,Direct Deposit,3182.398
851,851,50,217111,0.1,21711.100000000002,2025-01-09,Pending,Wire Transfer,5427.775000000001
852,852,21,176269,0.073,12867.636999999999,2025-02-13,Paid,Check,3216.9092499999997
853,853,33,388880,0.059,22943.92,2024-01-05,Paid,Wire Transfer,5735.98
854,854,26,406755,0.077,31320.135,2023-05-09,Paid,Check,7830.03375
855,855,31,371951,0.096,35707.296,2025-11-01,Disputed,Wire Transfer,8926.824
