metric_id,rep_id,month,quota,deals_closed,deals_value,opportunities_created,activities_completed,calls_made,emails_sent,meetings_scheduled,conversion_rate,avg_deal_size,pipeline_value,forecast_accuracy
1_2024-12,1,2024-12,135915.41666666666,0,115412,6,66,73,128,5,0.325,13631,230773,0.89
1_2024-12,1,2024-12,135915.41666666666,3,172442,11,41,67,85,12,0.267,31335,161578,0.863
1_2024-11,1,2024-11,135915.41666666666,6,181327,8,59,44,125,13,0.201,34614,397298,0.893
1_2024-10,1,2024-10,135915.41666666666,8,33983,20,43,32,147,16,0.155,29849,498265,0.868
1_2024-09,1,2024-09,135915.41666666666,6,51023,25,61,29,55,20,0.198,40711,582240,0.801
1_2024-08,1,2024-08,135915.41666666666,5,143442,19,71,44,75,6,0.255,18800,901081,0.912
1_2024-07,1,2024-07,135915.41666666666,8,142095,15,53,76,119,10,0.278,20513,262538,0.872
1_2024-06,1,2024-06,135915.41666666666,6,90942,25,24,72,185,16,0.267,16168,593146,0.895
1_2024-05,1,2024-05,135915.41666666666,8,67345,5,60,39,100,10,0.212,26122,386286,0.909
1_2024-04,1,2024-04,135915.41666666666,1,152749,7,61,55,100,20,0.261,38261,375353,0.869
1_2024-03,1,2024-03,135915.41666666666,6,3406,25,99,74,75,8,0.245,42216,815902,0.879
1_2024-02,1,2024-02,135915.41666666666,4,74641,17,63,16,103,6,0.266,20082,857720,0.868
2_2024-12,2,2024-12,54049.833333333336,0,75756,18,87,66,171,20,0.199,16401,912738,0.886
2_2024-12,2,2024-12,54049.833333333336,1,83488,23,22,60,110,8,0.344,37543,165963,0.859
2_2024-11,2,2024-11,54049.833333333336,5,91663,9,61,44,147,13,0.256,41892,200642,0.891
2_2024-10,2,2024-10,54049.833333333336,7,150465,19,42,30,74,20,0.281,5003,728975,0.889
2_2024-09,2,2024-09,54049.833333333336,2,122437,22,84,77,151,7,0.271,26380,831435,0.884
2_2024-08,2,2024-08,54049.833333333336,6,84999,7,75,54,80,17,0.291,41890,339133,0.892
2_2024-07,2,2024-07,54049.833333333336,2,182326,14,41,73,60,6,0.319,27405,432647,0.888
2_2024-06,2,2024-06,54049.833333333336,8,134022,9,55,26,157,8,0.203,38999,408327,0.834
2_2024-05,2,2024-05,54049.833333333336,5,80722,12,74,21,157,18,0.227,49465,403752,0.943
2_2024-04,2,2024-04,54049.833333333336,2,57634,18,21,58,149,17,0.164,13869,220949,0.82
2_2024-03,2,2024-03,54049.833333333336,2,130721,12,47,53,160,8,0.288,6504,743740,0.83
2_2024-02,2,2024-02,54049.833333333336,4,78698,14,64,22,122,6,0.233,11832,703885,0.833
3_2024-12,3,2024-12,75149.41666666667,5,170990,17,79,21,102,14,0.324,7973,253186,0.907
3_2024-12,3,2024-12,75149.41666666667,3,114897,8,77,27,114,17,0.287,43224,703080,0.858
3_2024-11,3,2024-11,75149.41666666667,6,167702,15,91,46,163,12,0.337,34498,340112,0.928
3_2024-10,3,2024-10,75149.41666666667,3,36268,25,23,32,170,11,0.298,15330,506097,0.899
3_2024-09,3,2024-09,75149.41666666667,8,164880,19,31,31,174,12,0.313,17508,545941,0.833
3_2024-08,3,2024-08,75149.41666666667,6,148562,7,21,23,141,20,0.187,24880,391752,0.836
3_2024-07,3,2024-07,75149.41666666667,4,131255,6,73,57,163,11,0.161,13378,898688,0.82
3_2024-06,3,2024-06,75149.41666666667,2,122038,21,44,53,139,5,0.204,17631,376058,0.907
3_2024-05,3,2024-05,75149.41666666667,5,182733,25,21,69,130,8,0.17,48635,166388,0.887
3_2024-04,3,2024-04,75149.41666666667,6,155723,14,88,36,151,9,0.194,48930,478854,0.842
3_2024-03,3,2024-03,75149.41666666667,3,151160,7,87,32,139,14,0.208,41410,969088,0.869
3_2024-02,3,2024-02,75149.41666666667,3,137815,6,87,47,116,16,0.264,31937,429188,0.867
4_2024-12,4,2024-12,88014.25,7,170870,25,74,24,149,20,0.28,5315,486307,0.884
4_2024-12,4,2024-12,88014.25,6,21335,21,79,26,94,11,0.349,45180,784715,0.91
4_2024-11,4,2024-11,88014.25,2,31240,23,71,17,185,10,0.309,8068,525405,0.854
4_2024-10,4,2024-10,88014.25,3,166903,6,83,62,180,5,0.288,16599,185920,0.907
4_2024-09,4,2024-09,88014.25,6,182519,21,67,52,124,8,0.319,17667,414483,0.801
4_2024-08,4,2024-08,88014.25,0,149029,9,95,53,67,12,0.201,10061,933761,0.829
4_2024-07,4,2024-07,88014.25,2,198008,12,24,60,131,9,0.225,38684,837693,0.822
4_2024-06,4,2024-06,88014.25,5,137859,12,72,38,151,19,0.249,34268,679247,0.809
4_2024-05,4,2024-05,88014.25,6,146518,25,43,49,111,19,0.173,33935,127490,0.809
4_2024-04,4,2024-04,88014.25,2,95444,10,73,51,78,8,0.242,14072,675628,0.809
4_2024-03,4,2024-03,88014.25,0,155774,8,27,63,130,12,0.249,7412,710000,0.831
4_2024-02,4,2024-02,88014.25,1,95593,15,36,34,67,11,0.284,44971,157774,0.816
5_2024-12,5,2024-12,159668.58333333334,4,18047,12,29,54,164,14,0.173,38512,320754,0.81
5_2024-12,5,2024-12,159668.58333333334,1,22464,6,60,11,83,16,0.348,10877,462084,0.934
5_2024-11,5,2024-11,159668.58333333334,2,193396,23,50,13,84,6,0.162,35337,493571,0.828
5_2024-10,5,2024-10,159668.58333333334,3,47868,17,62,46,170,15,0.281,48740,247216,0.917
5_2024-09,5,2024-09,159668.58333333334,6,117316,8,24,71,107,15,0.24,18719,619516,0.83
5_2024-08,5,2024-08,159668.58333333334,1,24545,19,82,22,152,12,0.337,14913,643169,0.877
5_2024-07,5,2024-07,159668.58333333334,0,175211,13,97,67,135,7,0.252,27575,761677,0.816
5_2024-06,5,2024-06,159668.58333333334,5,175392,9,68,59,66,7,0.221,47517,905167,0.825
5_2024-05,5,2024-05,159668.58333333334,0,5775,5,79,18,101,18,0.261,48513,932042,0.919
5_2024-04,5,2024-04,159668.58333333334,4,163474,8,38,77,128,16,0.302,34799,115420,0.891
5_2024-03,5,2024-03,159668.58333333334,7,39749,13,47,36,135,11,0.154,26113,202654,0.83
5_2024-02,5,2024-02,159668.58333333334,0,109875,16,99,42,53,11,0.226,49058,790061,0.831
6_2024-12,6,2024-12,121757.83333333333,5,91152,13,23,31,73,8,0.242,22295,744229,0.843
6_2024-12,6,2024-12,121757.83333333333,8,184174,9,47,46,181,15,0.327,23678,769960,0.843
6_2024-11,6,2024-11,121757.83333333333,8,109990,13,64,49,76,11,0.192,36506,505071,0.942
6_2024-10,6,2024-10,121757.83333333333,4,151784,9,69,59,97,8,0.286,32622,715733,0.906
6_2024-09,6,2024-09,121757.83333333333,1,51659,13,20,25,104,8,0.175,12779,506323,0.864
6_2024-08,6,2024-08,121757.83333333333,0,111526,21,25,37,85,9,0.272,19899,654438,0.933
6_2024-07,6,2024-07,121757.83333333333,6,77086,9,98,22,174,16,0.349,22210,103418,0.949
6_2024-06,6,2024-06,121757.83333333333,1,110382,24,53,28,154,6,0.275,42968,916373,0.833
6_2024-05,6,2024-05,121757.83333333333,7,73880,24,57,76,92,16,0.319,49485,115246,0.908
6_2024-04,6,2024-04,121757.83333333333,4,80008,11,65,35,101,19,0.256,45447,156211,0.857
6_2024-03,6,2024-03,121757.83333333333,2,108468,25,20,76,180,10,0.346,49168,201222,0.871
6_2024-02,6,2024-02,121757.83333333333,0,185127,12,74,37,122,18,0.234,29465,729972,0.851
7_2024-12,7,2024-12,90907.08333333333,7,47721,8,31,53,188,9,0.21,43569,655770,0.862
7_2024-12,7,2024-12,90907.08333333333,4,195437,19,79,51,160,17,0.231,8166,193341,0.894
7_2024-11,7,2024-11,90907.08333333333,2,155858,6,38,59,74,5,0.319,14378,689778,0.868
7_2024-10,7,2024-10,90907.08333333333,1,190396,23,70,75,159,12,0.172,29690,981884,0.898
7_2024-09,7,2024-09,90907.08333333333,3,31776,23,30,21,78,19,0.177,14477,500375,0.817
7_2024-08,7,2024-08,90907.08333333333,8,130575,21,46,47,198,18,0.231,37154,248908,0.928
7_2024-07,7,2024-07,90907.08333333333,4,20689,19,66,13,74,11,0.169,28825,320687,0.843
7_2024-06,7,2024-06,90907.08333333333,1,144606,23,97,50,77,18,0.222,45007,405376,0.936
7_2024-05,7,2024-05,90907.08333333333,7,101162,11,42,46,123,16,0.203,10685,466068,0.921
7_2024-04,7,2024-04,90907.08333333333,0,168510,9,61,32,148,20,0.165,12721,802282,0.863
7_2024-03,7,2024-03,90907.08333333333,3,103884,8,22,60,166,10,0.264,14803,388390,0.832
7_2024-02,7,2024-02,90907.08333333333,8,99959,19,29,70,142,6,0.198,41983,288113,0.946
8_2024-12,8,2024-12,116777.33333333333,0,137483,8,92,35,80,15,0.224,15285,533610,0.93
8_2024-12,8,2024-12,116777.33333333333,2,24250,11,29,79,177,8,0.22,47170,949713,0.824
8_2024-11,8,2024-11,116777.33333333333,8,81943,21,94,57,65,5,0.165,48153,138231,0.862
8_2024-10,8,2024-10,116777.33333333333,3,197885,5,43,33,142,12,0.182,18899,737310,0.805
8_2024-09,8,2024-09,116777.33333333333,8,185155,23,90,59,139,7,0.2,24117,612377,0.889
8_2024-08,8,2024-08,116777.33333333333,3,111083,12,83,13,142,12,0.232,14014,446080,0.907
8_2024-07,8,2024-07,116777.33333333333,2,75047,18,47,64,121,16,0.241,35681,651107,0.873
8_2024-06,8,2024-06,116777.33333333333,2,78203,24,41,41,111,20,0.325,42102,338978,0.815
8_2024-05,8,2024-05,116777.33333333333,8,121392,10,86,39,175,11,0.233,36416,962640,0.826
8_2024-04,8,2024-04,116777.33333333333,0,13174,22,72,12,53,6,0.224,23800,744267,0.835
8_2024-03,8,2024-03,116777.33333333333,8,109699,22,96,77,116,17,0.191,14475,387361,0.919
8_2024-02,8,2024-02,116777.33333333333,0,69637,11,87,75,119,15,0.337,13402,868109,0.813
9_2024-12,9,2024-12,48434.25,3,108707,11,80,33,125,8,0.345,38361,278343,0.94
9_2024-12,9,2024-12,48434.25,0,125780,17,86,70,176,10,0.318,38250,629880,0.815
9_2024-11,9,2024-11,48434.25,3,31084,12,61,52,190,17,0.239,27910,546137,0.91
9_2024-10,9,2024-10,48434.25,4,181293,14,82,10,93,18,0.218,21437,147510,0.881
9_2024-09,9,2024-09,48434.25,7,153229,19,67,27,147,6,0.341,20033,836419,0.926
9_2024-08,9,2024-08,48434.25,8,135234,16,97,69,159,7,0.303,17944,806821,0.919
9_2024-07,9,2024-07,48434.25,8,23631,6,61,22,188,14,0.2,18233,844594,0.829
9_2024-06,9,2024-06,48434.25,0,4576,22,28,13,63,11,0.177,11578,908533,0.901
9_2024-05,9,2024-05,48434.25,6,138501,6,48,75,147,7,0.188,48082,521775,0.871
9_2024-04,9,2024-04,48434.25,7,32591,5,67,29,131,6,0.271,7550,216343,0.919
9_2024-03,9,2024-03,48434.25,6,22810,19,40,57,185,13,0.323,37063,431550,0.854
9_2024-02,9,2024-02,48434.25,6,13770,14,87,71,91,15,0.282,21394,378523,0.806
10_2024-12,10,2024-12,147609.33333333334,3,37595,19,31,64,119,8,0.24,39158,328009,0.89
10_2024-12,10,2024-12,147609.33333333334,5,124582,9,32,35,122,13,0.243,43876,820568,0.807
10_2024-11,10,2024-11,147609.33333333334,1,35743,25,37,22,127,18,0.18,19074,108250,0.904
10_2024-10,10,2024-10,147609.33333333334,7,167124,14,32,70,90,13,0.292,28149,721026,0.928
10_2024-09,10,2024-09,147609.33333333334,5,51492,6,79,14,160,13,0.227,34343,949580,0.845
10_2024-08,10,2024-08,147609.33333333334,2,121650,6,50,20,79,20,0.323,39464,317201,0.805
10_2024-07,10,2024-07,147609.33333333334,1,159812,10,44,20,146,7,0.287,24863,953267,0.838
10_2024-06,10,2024-06,147609.33333333334,0,38317,11,80,32,199,5,0.202,18946,455350,0.8
10_2024-05,10,2024-05,147609.33333333334,7,5133,21,23,21,183,6,0.309,24152,218011,0.883
10_2024-04,10,2024-04,147609.33333333334,2,21085,20,90,21,128,18,0.18,38582,578280,0.928
10_2024-03,10,2024-03,147609.33333333334,6,66761,14,53,72,169,20,0.228,24811,867444,0.917
10_2024-02,10,2024-02,147609.33333333334,4,68130,17,25,51,106,7,0.17,46082,687689,0.932
11_2024-12,11,2024-12,149235.66666666666,2,54595,12,74,17,175,5,0.172,21901,732073,0.802
11_2024-12,11,2024-12,149235.66666666666,5,64015,23,21,38,86,5,0.32,31911,645752,0.905
11_2024-11,11,2024-11,149235.66666666666,2,129859,24,38,70,193,14,0.257,44268,344937,0.895
11_2024-10,11,2024-10,149235.66666666666,2,50531,20,49,75,80,12,0.313,26669,154549,0.84
11_2024-09,11,2024-09,149235.66666666666,4,44333,17,50,72,109,10,0.247,39049,761579,0.917
11_2024-08,11,2024-08,149235.66666666666,2,74200,5,29,72,185,14,0.218,29544,624972,0.885
11_2024-07,11,2024-07,149235.66666666666,7,38131,11,68,73,151,11,0.259,15452,462577,0.837
11_2024-06,11,2024-06,149235.66666666666,7,174979,24,40,73,172,14,0.201,42482,615386,0.804
11_2024-05,11,2024-05,149235.66666666666,6,127997,24,47,45,53,7,0.334,29820,532968,0.913
11_2024-04,11,2024-04,149235.66666666666,3,184593,13,99,36,79,10,0.22,45940,385526,0.835
11_2024-03,11,2024-03,149235.66666666666,0,72870,7,40,57,157,12,0.208,13951,316063,0.867
11_2024-02,11,2024-02,149235.66666666666,1,12615,10,68,52,109,9,0.291,35624,736890,0.828
12_2024-12,12,2024-12,124702.75,7,83616,17,58,34,180,15,0.336,30646,608395,0.885
12_2024-12,12,2024-12,124702.75,7,179057,16,51,74,88,6,0.219,20293,599784,0.893
12_2024-11,12,2024-11,124702.75,0,125274,18,32,18,116,19,0.29,21841,901056,0.89
12_2024-10,12,2024-10,124702.75,6,32243,10,60,24,128,19,0.244,45197,265192,0.872
12_2024-09,12,2024-09,124702.75,2,53747,13,92,14,185,10,0.222,39319,817273,0.822
12_2024-08,12,2024-08,124702.75,4,72955,18,81,70,160,7,0.187,8144,918727,0.809
12_2024-07,12,2024-07,124702.75,1,190226,10,80,35,151,5,0.177,41032,810160,0.948
12_2024-06,12,2024-06,124702.75,0,138646,10,65,53,193,18,0.323,18050,159318,0.929
12_2024-05,12,2024-05,124702.75,3,125090,6,64,32,89,13,0.258,31513,731734,0.886
12_2024-04,12,2024-04,124702.75,1,112156,20,24,53,190,17,0.223,34220,838677,0.904
12_2024-03,12,2024-03,124702.75,8,188970,9,77,56,136,10,0.203,10353,880518,0.88
12_2024-02,12,2024-02,124702.75,1,86819,11,52,44,57,18,0.261,35820,995330,0.912
13_2024-12,13,2024-12,119011.91666666667,8,24825,18,83,34,152,11,0.209,12050,754185,0.862
13_2024-12,13,2024-12,119011.91666666667,8,3252,20,85,39,94,12,0.16,30342,442838,0.889
13_2024-11,13,2024-11,119011.91666666667,6,28836,19,27,61,98,11,0.315,13652,490123,0.916
13_2024-10,13,2024-10,119011.91666666667,7,129722,13,42,75,96,7,0.326,42904,919634,0.934
13_2024-09,13,2024-09,119011.91666666667,8,127818,21,82,30,119,9,0.19,16116,201560,0.816
13_2024-08,13,2024-08,119011.91666666667,8,41452,12,84,19,172,19,0.301,20818,133634,0.812
13_2024-07,13,2024-07,119011.91666666667,3,181917,9,100,21,121,20,0.322,14846,606770,0.835
13_2024-06,13,2024-06,119011.91666666667,1,154922,22,74,47,166,15,0.235,36190,159776,0.84
13_2024-05,13,2024-05,119011.91666666667,8,120958,6,77,68,110,12,0.315,34770,735932,0.837
13_2024-04,13,2024-04,119011.91666666667,1,53329,5,55,31,133,13,0.312,10466,454329,0.945
13_2024-03,13,2024-03,119011.91666666667,1,149882,12,68,65,145,5,0.23,47324,131011,0.867
13_2024-02,13,2024-02,119011.91666666667,1,56707,18,76,43,118,16,0.166,17533,668106,0.914
14_2024-12,14,2024-12,108606.91666666667,2,47655,6,39,49,200,11,0.32,46770,634470,0.903
14_2024-12,14,2024-12,108606.91666666667,2,154465,17,72,23,146,8,0.221,36332,216422,0.859
14_2024-11,14,2024-11,108606.91666666667,8,62720,7,33,30,172,8,0.216,20394,894876,0.897
14_2024-10,14,2024-10,108606.91666666667,3,28349,18,100,32,169,7,0.269,46348,136706,0.81
14_2024-09,14,2024-09,108606.91666666667,6,112802,17,47,62,51,13,0.266,20370,666139,0.904
14_2024-08,14,2024-08,108606.91666666667,2,117008,8,76,33,104,13,0.279,34656,572742,0.819
14_2024-07,14,2024-07,108606.91666666667,6,109094,16,79,22,177,15,0.319,8870,667515,0.926
14_2024-06,14,2024-06,108606.91666666667,0,134477,9,59,14,170,17,0.29,39437,705024,0.9
14_2024-05,14,2024-05,108606.91666666667,4,63263,19,81,60,137,9,0.294,29478,611805,0.927
14_2024-04,14,2024-04,108606.91666666667,1,101243,12,24,38,64,14,0.323,40199,610860,0.807
14_2024-03,14,2024-03,108606.91666666667,5,80093,15,54,72,96,11,0.338,17580,298689,0.875
14_2024-02,14,2024-02,108606.91666666667,6,38108,16,22,29,175,14,0.181,31087,812064,0.949
15_2024-12,15,2024-12,100409.5,5,134400,25,97,63,53,18,0.346,28707,311151,0.93
15_2024-12,15,2024-12,100409.5,3,122425,14,94,17,156,11,0.307,6127,342415,0.925
15_2024-11,15,2024-11,100409.5,7,181569,6,91,12,70,18,0.3,31074,799767,0.811
15_2024-10,15,2024-10,100409.5,4,37239,16,72,80,174,17,0.178,28857,471478,0.803
15_2024-09,15,2024-09,100409.5,3,177579,17,45,10,94,19,0.221,45833,461760,0.879
15_2024-08,15,2024-08,100409.5,6,168100,24,73,62,95,5,0.325,38548,335713,0.84
15_2024-07,15,2024-07,100409.5,3,136898,18,84,10,191,18,0.218,34183,889360,0.909
15_2024-06,15,2024-06,100409.5,8,72638,25,73,39,65,8,0.29,31925,345348,0.843
15_2024-05,15,2024-05,100409.5,1,60612,7,41,21,76,9,0.301,28740,937150,0.822
15_2024-04,15,2024-04,100409.5,5,78726,23,41,22,162,10,0.22,49007,305256,0.95
15_2024-03,15,2024-03,100409.5,0,130772,11,34,17,136,15,0.309,15490,776119,0.839
15_2024-02,15,2024-02,100409.5,2,194656,18,78,69,55,14,0.213,30421,230859,0.836
16_2024-12,16,2024-12,90295.5,5,130430,14,89,21,143,20,0.259,46514,777411,0.901
16_2024-12,16,2024-12,90295.5,4,154261,13,91,58,55,9,0.154,42625,309841,0.948
16_2024-11,16,2024-11,90295.5,3,118106,20,63,17,84,6,0.238,6538,347858,0.83
16_2024-10,16,2024-10,90295.5,8,129164,21,44,53,99,16,0.31,12882,244313,0.852
16_2024-09,16,2024-09,90295.5,7,5700,6,38,24,99,18,0.194,26059,802206,0.872
16_2024-08,16,2024-08,90295.5,7,93193,11,52,47,110,12,0.26,47745,652638,0.929
16_2024-07,16,2024-07,90295.5,1,49118,22,93,35,175,7,0.152,16930,464735,0.943
16_2024-06,16,2024-06,90295.5,0,70262,11,20,63,136,11,0.199,44767,711344,0.829
16_2024-05,16,2024-05,90295.5,8,4268,5,35,72,120,12,0.305,29897,308659,0.907
16_2024-04,16,2024-04,90295.5,8,118567,12,71,21,150,15,0.168,25023,489038,0.927
16_2024-03,16,2024-03,90295.5,6,10042,24,100,23,121,11,0.221,11504,207446,0.947
16_2024-02,16,2024-02,90295.5,8,134995,15,71,70,139,19,0.293,18953,893421,0.868
17_2024-12,17,2024-12,163907.0,5,31761,24,24,20,70,12,0.168,17116,791477,0.832
17_2024-12,17,2024-12,163907.0,3,22997,21,85,49,81,14,0.177,33545,604258,0.854
17_2024-11,17,2024-11,163907.0,4,175242,23,89,11,120,17,0.285,49455,679792,0.803
17_2024-10,17,2024-10,163907.0,2,105118,8,43,19,197,15,0.327,33936,736039,0.89
17_2024-09,17,2024-09,163907.0,4,8543,23,35,72,60,16,0.231,42660,961900,0.914
17_2024-08,17,2024-08,163907.0,0,36546,8,80,40,175,20,0.31,49429,689502,0.859
17_2024-07,17,2024-07,163907.0,5,98897,7,38,51,159,9,0.159,34994,230585,0.843
17_2024-06,17,2024-06,163907.0,6,59133,16,89,63,111,19,0.261,20788,438487,0.817
17_2024-05,17,2024-05,163907.0,1,160689,17,33,54,61,6,0.349,9188,511662,0.927
17_2024-04,17,2024-04,163907.0,2,47750,22,56,32,87,18,0.177,39423,622192,0.878
17_2024-03,17,2024-03,163907.0,4,79945,8,38,43,93,20,0.255,36784,456388,0.865
17_2024-02,17,2024-02,163907.0,1,46359,13,58,55,183,16,0.26,14223,195424,0.885
18_2024-12,18,2024-12,102344.91666666667,1,117231,7,57,23,59,16,0.336,41701,687257,0.887
18_2024-12,18,2024-12,102344.91666666667,2,86095,17,85,57,78,16,0.248,29254,115761,0.903
18_2024-11,18,2024-11,102344.91666666667,0,63269,6,70,58,167,18,0.234,15824,727342,0.927
18_2024-10,18,2024-10,102344.91666666667,8,126809,18,32,63,55,6,0.156,9027,826932,0.84
18_2024-09,18,2024-09,102344.91666666667,4,170827,5,73,46,100,20,0.253,8713,281390,0.9
18_2024-08,18,2024-08,102344.91666666667,7,150915,13,50,34,144,5,0.222,31329,767673,0.901
18_2024-07,18,2024-07,102344.91666666667,5,198424,13,63,46,67,5,0.234,29044,686239,0.909
18_2024-06,18,2024-06,102344.91666666667,8,154029,15,85,44,55,9,0.157,27613,280400,0.878
18_2024-05,18,2024-05,102344.91666666667,6,119329,24,88,18,53,9,0.2,41977,170933,0.806
18_2024-04,18,2024-04,102344.91666666667,5,100964,22,24,12,185,10,0.251,34158,398728,0.855
18_2024-03,18,2024-03,102344.91666666667,4,63765,5,58,60,95,20,0.17,28775,157344,0.816
18_2024-02,18,2024-02,102344.91666666667,5,67482,9,74,79,182,14,0.18,13240,791476,0.836
19_2024-12,19,2024-12,122880.33333333333,2,28986,6,80,77,58,9,0.235,28745,575791,0.945
19_2024-12,19,2024-12,122880.33333333333,7,170862,6,60,78,83,12,0.292,42075,818518,0.908
19_2024-11,19,2024-11,122880.33333333333,6,177754,22,40,47,121,18,0.344,49456,462994,0.948
19_2024-10,19,2024-10,122880.33333333333,1,28945,18,37,33,182,5,0.314,9888,378372,0.884
19_2024-09,19,2024-09,122880.33333333333,1,44236,5,30,78,120,11,0.305,7620,349819,0.87
19_2024-08,19,2024-08,122880.33333333333,4,59364,22,54,34,151,16,0.152,25130,603353,0.891
19_2024-07,19,2024-07,122880.33333333333,6,34776,21,84,17,137,10,0.228,36594,973853,0.823
19_2024-06,19,2024-06,122880.33333333333,4,70886,16,21,42,117,14,0.292,20591,246820,0.865
19_2024-05,19,2024-05,122880.33333333333,5,10650,15,100,22,95,20,0.158,11787,271252,0.896
19_2024-04,19,2024-04,122880.33333333333,2,23501,19,70,29,113,10,0.328,37040,442760,0.839
19_2024-03,19,2024-03,122880.33333333333,4,171559,23,34,22,126,19,0.332,35375,484805,0.861
19_2024-02,19,2024-02,122880.33333333333,0,121894,14,37,71,195,16,0.17,16688,399523,0.83
20_2024-12,20,2024-12,162565.16666666666,8,18996,15,52,69,111,19,0.287,30839,829667,0.879
20_2024-12,20,2024-12,162565.16666666666,8,176580,24,20,64,145,19,0.33,22192,227639,0.901
20_2024-11,20,2024-11,162565.16666666666,4,90112,23,39,58,184,15,0.211,43072,302982,0.806
20_2024-10,20,2024-10,162565.16666666666,1,31631,20,63,24,78,20,0.152,46516,660259,0.904
20_2024-09,20,2024-09,162565.16666666666,6,64646,14,45,12,144,8,0.174,12037,692925,0.869
20_2024-08,20,2024-08,162565.16666666666,6,31753,5,78,40,176,5,0.309,13393,472756,0.907
20_2024-07,20,2024-07,162565.16666666666,7,38088,15,72,27,115,20,0.261,33896,854800,0.805
20_2024-06,20,2024-06,162565.16666666666,5,196932,14,33,50,129,18,0.253,43211,674855,0.832
20_2024-05,20,2024-05,162565.16666666666,4,36461,14,71,51,150,6,0.247,36198,657559,0.877
20_2024-04,20,2024-04,162565.16666666666,3,44952,13,60,25,165,18,0.189,43919,484086,0.905
20_2024-03,20,2024-03,162565.16666666666,7,197746,18,81,60,131,17,0.287,36862,856926,0.811
20_2024-02,20,2024-02,162565.16666666666,3,78492,21,73,53,146,16,0.208,11432,599785,0.852
21_2024-12,21,2024-12,75591.16666666667,5,84897,9,67,22,95,7,0.215,16940,487982,0.883
21_2024-12,21,2024-12,75591.16666666667,4,21508,16,95,51,195,9,0.18,43722,299832,0.85
21_2024-11,21,2024-11,75591.16666666667,1,99513,16,42,51,136,14,0.225,14934,516419,0.821
21_2024-10,21,2024-10,75591.16666666667,4,128564,15,37,14,192,19,0.333,9043,354413,0.911
21_2024-09,21,2024-09,75591.16666666667,0,181958,13,84,27,102,10,0.234,5953,506204,0.809
21_2024-08,21,2024-08,75591.16666666667,5,128808,15,64,31,148,7,0.219,37969,241606,0.925
21_2024-07,21,2024-07,75591.16666666667,8,2135,9,100,38,87,18,0.285,37866,511593,0.916
21_2024-06,21,2024-06,75591.16666666667,4,14518,11,28,20,127,10,0.161,27292,127688,0.917
21_2024-05,21,2024-05,75591.16666666667,6,76032,14,98,17,182,6,0.229,16039,725088,0.875
21_2024-04,21,2024-04,75591.16666666667,0,107782,18,66,46,183,15,0.206,6148,872678,0.858
21_2024-03,21,2024-03,75591.16666666667,1,62010,17,52,45,98,6,0.158,17049,702665,0.838
21_2024-02,21,2024-02,75591.16666666667,4,117747,20,33,18,151,17,0.17,34727,782861,0.912
22_2024-12,22,2024-12,54613.416666666664,6,113069,19,27,38,109,20,0.262,47737,714846,0.888
22_2024-12,22,2024-12,54613.416666666664,8,15830,15,79,67,96,15,0.216,7361,395733,0.877
22_2024-11,22,2024-11,54613.416666666664,4,15920,8,59,71,104,16,0.239,38184,686589,0.893
22_2024-10,22,2024-10,54613.416666666664,7,190203,14,59,60,178,18,0.322,30593,277598,0.923
22_2024-09,22,2024-09,54613.416666666664,1,140369,6,67,77,165,7,0.182,25413,999201,0.825
22_2024-08,22,2024-08,54613.416666666664,0,35896,11,64,30,145,15,0.274,39814,313273,0.946
22_2024-07,22,2024-07,54613.416666666664,4,128098,8,75,71,104,18,0.296,28960,862023,0.884
22_2024-06,22,2024-06,54613.416666666664,1,125804,6,46,45,129,19,0.234,23488,572383,0.823
22_2024-05,22,2024-05,54613.416666666664,8,50324,15,61,12,134,5,0.341,21500,380087,0.896
22_2024-04,22,2024-04,54613.416666666664,1,93915,17,61,39,152,9,0.33,44243,596319,0.889
22_2024-03,22,2024-03,54613.416666666664,0,24206,17,24,70,122,13,0.288,31492,644206,0.894
22_2024-02,22,2024-02,54613.416666666664,4,104089,9,84,78,175,19,0.189,21083,452040,0.87
23_2024-12,23,2024-12,83586.08333333333,0,134694,6,73,23,57,18,0.306,44386,393981,0.895
23_2024-12,23,2024-12,83586.08333333333,0,103472,6,34,60,137,5,0.304,10550,630230,0.869
23_2024-11,23,2024-11,83586.08333333333,3,74746,23,82,25,111,14,0.276,36335,242704,0.84
23_2024-10,23,2024-10,83586.08333333333,3,11881,15,55,32,92,10,0.324,32979,482865,0.835
23_2024-09,23,2024-09,83586.08333333333,5,186600,16,96,46,121,19,0.305,15654,455211,0.907
23_2024-08,23,2024-08,83586.08333333333,6,131097,21,89,29,199,11,0.196,40516,820127,0.81
23_2024-07,23,2024-07,83586.08333333333,0,167825,13,72,67,85,13,0.303,15960,656267,0.831
23_2024-06,23,2024-06,83586.08333333333,4,6132,20,61,47,128,19,0.215,15156,432444,0.848
23_2024-05,23,2024-05,83586.08333333333,7,122904,6,82,76,153,17,0.222,22172,725626,0.932
23_2024-04,23,2024-04,83586.08333333333,5,185938,20,80,78,153,17,0.27,45320,347421,0.943
23_2024-03,23,2024-03,83586.08333333333,0,80879,11,80,55,66,17,0.292,46743,702428,0.865
23_2024-02,23,2024-02,83586.08333333333,3,49244,21,93,35,148,15,0.257,39904,813404,0.858
24_2024-12,24,2024-12,118414.25,7,60991,13,63,28,197,6,0.298,31531,917524,0.883
24_2024-12,24,2024-12,118414.25,3,124807,22,43,23,104,13,0.197,18018,123852,0.812
24_2024-11,24,2024-11,118414.25,0,152959,10,37,45,146,6,0.285,36659,915355,0.921
24_2024-10,24,2024-10,118414.25,2,48597,16,22,18,123,16,0.294,21286,783709,0.816
24_2024-09,24,2024-09,118414.25,2,13770,15,51,76,99,20,0.209,21155,112088,0.939
24_2024-08,24,2024-08,118414.25,7,10106,22,91,22,192,9,0.259,12556,376569,0.923
24_2024-07,24,2024-07,118414.25,0,96007,9,92,27,165,9,0.208,45285,641164,0.929
24_2024-06,24,2024-06,118414.25,4,38481,23,83,10,67,16,0.267,25615,811298,0.802
24_2024-05,24,2024-05,118414.25,2,66704,11,34,45,135,15,0.34,9651,949048,0.802
24_2024-04,24,2024-04,118414.25,4,148224,25,39,25,164,19,0.305,26377,552349,0.874
24_2024-03,24,2024-03,118414.25,8,180950,11,25,37,127,10,0.159,46806,917072,0.875
24_2024-02,24,2024-02,118414.25,5,30926,18,94,47,61,5,0.176,32586,762856,0.92
25_2024-12,25,2024-12,57612.416666666664,3,66804,25,65,16,67,7,0.275,11648,281200,0.92
25_2024-12,25,2024-12,57612.416666666664,8,167466,24,43,11,63,11,0.296,12528,394733,0.943
25_2024-11,25,2024-11,57612.416666666664,6,137387,25,86,37,142,7,0.213,26935,401986,0.945
25_2024-10,25,2024-10,57612.416666666664,1,64830,10,78,10,113,7,0.322,37269,909266,0.813
25_2024-09,25,2024-09,57612.416666666664,1,95659,12,33,79,123,9,0.174,30064,648070,0.885
25_2024-08,25,2024-08,57612.416666666664,0,174447,10,27,13,165,19,0.191,41022,443134,0.87
25_2024-07,25,2024-07,57612.416666666664,5,90202,8,55,43,184,11,0.191,20727,892411,0.908
25_2024-06,25,2024-06,57612.416666666664,4,80227,12,81,72,197,5,0.338,5128,205641,0.83
25_2024-05,25,2024-05,57612.416666666664,7,20822,18,60,44,63,16,0.205,12205,762690,0.806
25_2024-04,25,2024-04,57612.416666666664,0,136443,23,74,49,86,6,0.2,24167,308430,0.849
25_2024-03,25,2024-03,57612.416666666664,3,193588,24,62,47,82,11,0.338,26075,833348,0.886
25_2024-02,25,2024-02,57612.416666666664,6,31999,7,94,67,161,17,0.197,10801,845482,0.829
26_2024-12,26,2024-12,50686.416666666664,5,199046,20,100,48,144,11,0.153,48983,287036,0.845
26_2024-12,26,2024-12,50686.416666666664,2,111561,19,38,49,96,11,0.226,24089,987497,0.838
26_2024-11,26,2024-11,50686.416666666664,1,81409,18,82,29,56,18,0.324,6077,769929,0.904
26_2024-10,26,2024-10,50686.416666666664,4,52584,7,85,11,77,15,0.27,38179,433211,0.884
26_2024-09,26,2024-09,50686.416666666664,0,56291,9,83,77,86,9,0.317,47202,448641,0.834
26_2024-08,26,2024-08,50686.416666666664,7,18413,21,38,79,166,13,0.348,38288,389722,0.809
26_2024-07,26,2024-07,50686.416666666664,2,146196,13,62,22,187,9,0.196,14642,355157,0.833
26_2024-06,26,2024-06,50686.416666666664,6,85647,21,92,71,107,5,0.208,36701,456323,0.916
26_2024-05,26,2024-05,50686.416666666664,2,155618,7,50,64,171,6,0.179,25715,909416,0.925
26_2024-04,26,2024-04,50686.416666666664,4,161489,13,46,30,160,14,0.253,35336,966187,0.853
26_2024-03,26,2024-03,50686.416666666664,0,85890,10,80,63,88,6,0.28,5369,267875,0.839
26_2024-02,26,2024-02,50686.416666666664,0,316,16,59,13,129,17,0.17,41885,594725,0.834
27_2024-12,27,2024-12,114278.83333333333,3,194759,22,73,58,129,5,0.291,45275,331697,0.939
27_2024-12,27,2024-12,114278.83333333333,7,169269,7,100,40,124,8,0.327,11850,988090,0.912
27_2024-11,27,2024-11,114278.83333333333,7,56503,10,23,33,96,18,0.306,24228,654108,0.935
27_2024-10,27,2024-10,114278.83333333333,8,62506,25,99,80,166,17,0.224,6140,812756,0.896
27_2024-09,27,2024-09,114278.83333333333,1,163649,22,28,70,90,19,0.275,7235,355846,0.939
27_2024-08,27,2024-08,114278.83333333333,1,19295,25,71,79,136,12,0.31,29933,500541,0.834
27_2024-07,27,2024-07,114278.83333333333,6,104677,15,39,41,105,19,0.283,24585,245947,0.884
27_2024-06,27,2024-06,114278.83333333333,2,167212,18,73,33,196,7,0.288,10884,211918,0.948
27_2024-05,27,2024-05,114278.83333333333,7,95395,23,65,16,157,7,0.185,12908,670574,0.925
27_2024-04,27,2024-04,114278.83333333333,1,9773,24,91,23,53,19,0.178,15241,561558,0.857
27_2024-03,27,2024-03,114278.83333333333,0,158196,24,45,17,123,5,0.202,35346,451815,0.864
27_2024-02,27,2024-02,114278.83333333333,2,59721,25,78,21,137,6,0.316,31213,611542,0.835
28_2024-12,28,2024-12,82484.58333333333,4,140921,24,98,29,69,16,0.161,33546,455880,0.902
28_2024-12,28,2024-12,82484.58333333333,5,153629,17,31,77,146,9,0.286,34454,545756,0.804
28_2024-11,28,2024-11,82484.58333333333,3,19161,14,39,58,53,20,0.22,11532,204145,0.879
28_2024-10,28,2024-10,82484.58333333333,7,44729,9,37,68,139,16,0.217,46502,837093,0.876
28_2024-09,28,2024-09,82484.58333333333,2,93136,24,90,14,163,14,0.316,42811,197853,0.8
28_2024-08,28,2024-08,82484.58333333333,5,58716,21,61,60,75,20,0.31,30938,854608,0.842
28_2024-07,28,2024-07,82484.58333333333,6,186103,15,92,26,158,7,0.287,48119,831269,0.908
28_2024-06,28,2024-06,82484.58333333333,8,33489,21,54,49,85,14,0.174,21276,508719,0.911
28_2024-05,28,2024-05,82484.58333333333,0,106335,21,65,40,110,11,0.254,35499,300344,0.85
28_2024-04,28,2024-04,82484.58333333333,4,73942,13,97,42,171,7,0.194,45879,218227,0.923
28_2024-03,28,2024-03,82484.58333333333,3,126185,23,95,36,143,12,0.273,7392,898162,0.872
28_2024-02,28,2024-02,82484.58333333333,4,34430,24,84,55,189,18,0.161,40758,598907,0.881
29_2024-12,29,2024-12,123716.08333333333,3,2933,9,41,40,107,20,0.226,39291,622457,0.869
29_2024-12,29,2024-12,123716.08333333333,0,151153,23,92,33,76,11,0.151,12229,860155,0.833
29_2024-11,29,2024-11,123716.08333333333,5,129714,16,20,25,132,8,0.186,43441,641654,0.811
29_2024-10,29,2024-10,123716.08333333333,6,68967,21,87,63,161,15,0.246,44955,269370,0.885
29_2024-09,29,2024-09,123716.08333333333,5,75794,14,42,24,64,13,0.28,12992,963339,0.922
29_2024-08,29,2024-08,123716.08333333333,1,57365,22,72,56,134,20,0.228,30646,385627,0.892
29_2024-07,29,2024-07,123716.08333333333,0,164313,15,100,73,149,14,0.151,35081,375231,0.882
29_2024-06,29,2024-06,123716.08333333333,6,161482,18,38,64,108,10,0.238,5381,631656,0.895
29_2024-05,29,2024-05,123716.08333333333,3,22479,22,83,31,158,17,0.235,12451,745580,0.849
29_2024-04,29,2024-04,123716.08333333333,2,145889,5,50,51,100,18,0.295,24029,500655,0.869
29_2024-03,29,2024-03,123716.08333333333,5,34188,20,41,73,176,16,0.318,5850,862566,0.828
29_2024-02,29,2024-02,123716.08333333333,1,73255,25,56,25,92,8,0.244,33558,961399,0.855
30_2024-12,30,2024-12,104312.66666666667,0,29243,15,64,65,65,6,0.235,26717,321473,0.81
30_2024-12,30,2024-12,104312.66666666667,4,109791,7,64,31,58,18,0.31,5660,747922,0.82
30_2024-11,30,2024-11,104312.66666666667,8,101851,7,81,33,61,19,0.184,6358,220920,0.93
30_2024-10,30,2024-10,104312.66666666667,2,27713,16,100,80,67,20,0.158,19442,293030,0.904
30_2024-09,30,2024-09,104312.66666666667,4,145526,16,64,63,68,19,0.209,17818,785584,0.905
30_2024-08,30,2024-08,104312.66666666667,7,154847,22,42,32,190,11,0.254,31366,439073,0.929
30_2024-07,30,2024-07,104312.66666666667,5,49559,13,25,26,67,6,0.209,44632,583206,0.87
30_2024-06,30,2024-06,104312.66666666667,8,156279,18,58,79,181,10,0.235,26619,147868,0.882
30_2024-05,30,2024-05,104312.66666666667,8,32451,17,45,12,111,6,0.235,18002,633841,0.845
30_2024-04,30,2024-04,104312.66666666667,7,127520,6,56,54,57,9,0.341,42517,901720,0.83
30_2024-03,30,2024-03,104312.66666666667,1,7781,19,83,68,200,16,0.169,14141,267900,0.842
30_2024-02,30,2024-02,104312.66666666667,6,61120,8,77,34,146,11,0.251,9213,407395,0.883
31_2024-12,31,2024-12,162307.66666666666,5,6410,20,63,19,184,8,0.294,24913,407356,0.815
31_2024-12,31,2024-12,162307.66666666666,8,47453,15,78,77,123,9,0.236,21336,690427,0.941
31_2024-11,31,2024-11,162307.66666666666,4,180887,23,37,13,153,13,0.158,17141,508967,0.884
31_2024-10,31,2024-10,162307.66666666666,1,134655,12,88,51,84,19,0.207,29089,282987,0.813
31_2024-09,31,2024-09,162307.66666666666,3,179585,23,59,76,142,14,0.212,36063,129688,0.811
31_2024-08,31,2024-08,162307.66666666666,5,70055,21,49,67,105,14,0.231,26489,895932,0.802
31_2024-07,31,2024-07,162307.66666666666,6,145550,21,88,20,185,6,0.281,27502,819238,0.943
31_2024-06,31,2024-06,162307.66666666666,6,85115,11,71,16,124,9,0.241,21510,112792,0.836
31_2024-05,31,2024-05,162307.66666666666,0,170335,18,30,75,122,15,0.221,21391,554716,0.847
31_2024-04,31,2024-04,162307.66666666666,1,81115,14,41,61,163,17,0.281,25501,886446,0.838
31_2024-03,31,2024-03,162307.66666666666,7,143104,14,81,76,87,17,0.268,40235,480342,0.857
31_2024-02,31,2024-02,162307.66666666666,5,35946,16,34,48,87,12,0.186,12540,673657,0.894
32_2024-12,32,2024-12,151322.91666666666,3,168402,12,31,22,121,7,0.283,14334,890399,0.92
32_2024-12,32,2024-12,151322.91666666666,1,151245,20,21,71,156,20,0.221,7024,589920,0.879
32_2024-11,32,2024-11,151322.91666666666,2,23163,12,99,14,199,10,0.294,22233,856971,0.89
32_2024-10,32,2024-10,151322.91666666666,7,79893,5,45,44,102,10,0.309,45977,416537,0.833
32_2024-09,32,2024-09,151322.91666666666,7,97110,9,68,11,174,11,0.21,11093,766980,0.906
32_2024-08,32,2024-08,151322.91666666666,8,46154,7,48,59,125,14,0.196,6446,693343,0.943
32_2024-07,32,2024-07,151322.91666666666,5,119063,9,55,27,174,16,0.231,20310,596436,0.859
32_2024-06,32,2024-06,151322.91666666666,1,89798,17,80,13,76,10,0.226,5203,848356,0.817
32_2024-05,32,2024-05,151322.91666666666,7,29587,8,90,28,128,20,0.244,33639,535371,0.804
32_2024-04,32,2024-04,151322.91666666666,6,160823,15,26,10,105,16,0.33,16041,889837,0.881
32_2024-03,32,2024-03,151322.91666666666,5,36418,8,20,39,83,15,0.183,43577,157514,0.831
32_2024-02,32,2024-02,151322.91666666666,7,134875,10,66,57,59,10,0.169,40820,456339,0.878
33_2024-12,33,2024-12,139064.08333333334,8,153758,14,40,12,56,9,0.28,29984,681575,0.811
33_2024-12,33,2024-12,139064.08333333334,8,45780,8,77,71,95,11,0.258,47759,880138,0.847
33_2024-11,33,2024-11,139064.08333333334,0,45631,11,21,38,144,5,0.2,45880,617238,0.868
33_2024-10,33,2024-10,139064.08333333334,4,30526,6,32,80,56,5,0.269,24180,186889,0.88
33_2024-09,33,2024-09,139064.08333333334,0,40014,5,80,15,108,13,0.337,15070,945228,0.935
33_2024-08,33,2024-08,139064.08333333334,7,141131,14,34,61,111,8,0.211,28590,886196,0.867
33_2024-07,33,2024-07,139064.08333333334,5,76170,7,37,15,199,5,0.18,25224,937939,0.919
33_2024-06,33,2024-06,139064.08333333334,6,115985,12,98,46,169,9,0.219,34762,296816,0.814
33_2024-05,33,2024-05,139064.08333333334,2,123220,22,50,51,135,7,0.186,47635,252533,0.843
33_2024-04,33,2024-04,139064.08333333334,3,99114,25,83,58,186,15,0.21,7012,828938,0.865
33_2024-03,33,2024-03,139064.08333333334,2,71462,10,47,18,82,7,0.233,8604,591912,0.921
33_2024-02,33,2024-02,139064.08333333334,6,133835,17,32,65,189,20,0.223,16512,191668,0.94
34_2024-12,34,2024-12,127759.0,7,12914,6,39,80,64,7,0.306,22082,409135,0.833
34_2024-12,34,2024-12,127759.0,6,159244,13,83,55,130,14,0.288,22380,779320,0.926
34_2024-11,34,2024-11,127759.0,5,181755,14,35,31,192,9,0.292,16509,446373,0.855
34_2024-10,34,2024-10,127759.0,6,59878,21,59,61,105,9,0.16,40897,787730,0.906
34_2024-09,34,2024-09,127759.0,5,161752,16,50,54,75,20,0.187,17690,697317,0.859
34_2024-08,34,2024-08,127759.0,0,189047,9,40,46,153,16,0.316,36383,483355,0.933
34_2024-07,34,2024-07,127759.0,6,46645,16,63,78,126,9,0.285,18095,415564,0.835
34_2024-06,34,2024-06,127759.0,7,76062,11,35,20,110,16,0.307,17201,101064,0.871
34_2024-05,34,2024-05,127759.0,0,58922,25,41,15,66,13,0.288,46214,127275,0.922
34_2024-04,34,2024-04,127759.0,3,98047,22,71,41,168,16,0.216,34629,441184,0.826
34_2024-03,34,2024-03,127759.0,8,43574,18,54,72,121,18,0.182,12057,446888,0.857
34_2024-02,34,2024-02,127759.0,0,101915,17,87,68,165,7,0.266,39411,504671,0.825
35_2024-12,35,2024-12,57687.75,8,66402,10,44,30,62,11,0.175,29721,957771,0.846
35_2024-12,35,2024-12,57687.75,5,103185,14,75,35,123,14,0.158,11555,477835,0.918
35_2024-11,35,2024-11,57687.75,3,155207,9,25,30,141,7,0.28,27313,187802,0.859
35_2024-10,35,2024-10,57687.75,1,111451,14,22,22,160,14,0.272,23695,801372,0.824
35_2024-09,35,2024-09,57687.75,7,28082,20,32,17,83,6,0.187,10934,790414,0.808
35_2024-08,35,2024-08,57687.75,7,165835,25,77,45,173,11,0.299,8529,768802,0.812
35_2024-07,35,2024-07,57687.75,7,189763,6,97,75,178,10,0.315,12903,659184,0.83
35_2024-06,35,2024-06,57687.75,7,133964,10,25,50,84,14,0.278,20839,406544,0.804
35_2024-05,35,2024-05,57687.75,7,78567,9,98,65,98,14,0.197,25699,302858,0.919
35_2024-04,35,2024-04,57687.75,7,33266,23,60,57,78,9,0.208,40866,985087,0.807
35_2024-03,35,2024-03,57687.75,8,64149,8,58,51,68,20,0.26,31785,774130,0.842
35_2024-02,35,2024-02,57687.75,5,82776,7,79,25,53,15,0.164,15609,840470,0.813
36_2024-12,36,2024-12,157194.83333333334,4,190386,19,43,44,126,8,0.282,9942,859449,0.94
36_2024-12,36,2024-12,157194.83333333334,6,1238,10,86,49,119,16,0.238,29520,392416,0.871
36_2024-11,36,2024-11,157194.83333333334,0,184654,6,53,70,95,12,0.321,42651,948045,0.896
36_2024-10,36,2024-10,157194.83333333334,7,140370,16,68,34,180,10,0.17,16299,885842,0.873
36_2024-09,36,2024-09,157194.83333333334,7,36769,16,62,18,119,14,0.271,6579,159532,0.906
36_2024-08,36,2024-08,157194.83333333334,0,116129,14,94,14,156,19,0.326,25718,188876,0.814
36_2024-07,36,2024-07,157194.83333333334,6,95238,14,81,11,185,20,0.25,7904,604034,0.853
36_2024-06,36,2024-06,157194.83333333334,4,135979,18,25,30,177,13,0.233,20989,392150,0.896
36_2024-05,36,2024-05,157194.83333333334,3,147803,15,33,27,157,9,0.318,30883,219754,0.804
36_2024-04,36,2024-04,157194.83333333334,7,107852,9,26,26,159,19,0.337,14081,581450,0.846
36_2024-03,36,2024-03,157194.83333333334,1,149020,18,54,31,186,7,0.272,24899,245927,0.901
36_2024-02,36,2024-02,157194.83333333334,6,91419,6,53,48,164,18,0.156,32086,486618,0.808
37_2024-12,37,2024-12,116163.33333333333,6,146384,23,96,31,54,13,0.309,33356,151762,0.939
37_2024-12,37,2024-12,116163.33333333333,3,11134,22,81,32,175,19,0.287,17641,970859,0.877
37_2024-11,37,2024-11,116163.33333333333,2,156994,23,20,69,96,14,0.276,8858,534133,0.801
37_2024-10,37,2024-10,116163.33333333333,1,128145,13,54,66,111,15,0.284,47383,652356,0.871
37_2024-09,37,2024-09,116163.33333333333,2,108814,6,32,40,116,15,0.305,45344,821842,0.948
37_2024-08,37,2024-08,116163.33333333333,8,62689,7,40,29,57,19,0.173,31865,862382,0.949
37_2024-07,37,2024-07,116163.33333333333,0,71814,13,90,18,133,7,0.317,32437,637948,0.845
37_2024-06,37,2024-06,116163.33333333333,6,143369,5,91,33,135,11,0.249,49888,630615,0.849
37_2024-05,37,2024-05,116163.33333333333,8,57413,17,76,64,68,17,0.152,25322,541431,0.869
37_2024-04,37,2024-04,116163.33333333333,4,129912,7,26,15,95,6,0.323,49533,669409,0.9
37_2024-03,37,2024-03,116163.33333333333,0,29068,10,91,70,173,16,0.268,31868,202485,0.891
37_2024-02,37,2024-02,116163.33333333333,1,115465,18,98,21,65,20,0.33,46404,258027,0.943
38_2024-12,38,2024-12,120581.58333333333,0,182844,15,84,32,106,6,0.309,43017,407025,0.83
38_2024-12,38,2024-12,120581.58333333333,5,4238,11,24,41,132,16,0.253,15508,928227,0.872
38_2024-11,38,2024-11,120581.58333333333,6,98168,9,67,23,131,8,0.164,39668,215985,0.814
38_2024-10,38,2024-10,120581.58333333333,8,52281,19,21,21,148,5,0.203,12297,307836,0.911
38_2024-09,38,2024-09,120581.58333333333,6,105725,13,40,18,96,20,0.215,17860,344621,0.827
38_2024-08,38,2024-08,120581.58333333333,8,116618,20,46,12,57,19,0.247,9814,593597,0.923
38_2024-07,38,2024-07,120581.58333333333,7,98882,10,24,29,195,7,0.259,42692,638859,0.945
38_2024-06,38,2024-06,120581.58333333333,7,59389,9,46,78,82,10,0.231,28992,646611,0.939
38_2024-05,38,2024-05,120581.58333333333,6,130118,10,39,10,149,14,0.221,13141,293066,0.907
38_2024-04,38,2024-04,120581.58333333333,3,44007,15,33,48,91,8,0.258,6441,596915,0.928
38_2024-03,38,2024-03,120581.58333333333,7,193990,8,58,75,98,6,0.189,36365,757988,0.91
38_2024-02,38,2024-02,120581.58333333333,6,102840,7,69,44,142,10,0.301,47277,640700,0.938
39_2024-12,39,2024-12,91933.5,6,19893,25,73,52,54,8,0.168,43384,881933,0.933
39_2024-12,39,2024-12,91933.5,4,42768,17,63,67,197,19,0.171,16227,946858,0.906
39_2024-11,39,2024-11,91933.5,7,154957,22,62,29,168,9,0.321,37892,461272,0.847
39_2024-10,39,2024-10,91933.5,8,33695,19,34,16,75,13,0.274,31801,449166,0.905
39_2024-09,39,2024-09,91933.5,3,14051,20,51,63,107,19,0.339,31639,176706,0.943
39_2024-08,39,2024-08,91933.5,4,17767,9,61,70,71,16,0.166,49174,130663,0.92
39_2024-07,39,2024-07,91933.5,8,74558,24,89,25,68,9,0.243,33555,183530,0.834
39_2024-06,39,2024-06,91933.5,8,104555,22,96,44,154,6,0.321,7458,661989,0.855
39_2024-05,39,2024-05,91933.5,2,51809,11,64,50,59,15,0.182,49044,280449,0.87
39_2024-04,39,2024-04,91933.5,8,199967,21,97,36,135,14,0.245,16247,321732,0.898
39_2024-03,39,2024-03,91933.5,0,9313,16,44,17,91,15,0.184,24912,960166,0.861
39_2024-02,39,2024-02,91933.5,8,103767,21,23,69,162,8,0.283,37512,848501,0.829
40_2024-12,40,2024-12,103012.41666666667,3,156138,5,78,36,108,7,0.195,17876,256635,0.83
40_2024-12,40,2024-12,103012.41666666667,4,79612,13,69,17,196,11,0.178,11606,574079,0.823
40_2024-11,40,2024-11,103012.41666666667,3,65469,7,74,65,183,10,0.34,34967,581130,0.937
40_2024-10,40,2024-10,103012.41666666667,0,26124,8,36,56,64,16,0.2,6373,406388,0.95
40_2024-09,40,2024-09,103012.41666666667,8,194169,6,86,37,104,7,0.156,37474,391860,0.806
40_2024-08,40,2024-08,103012.41666666667,3,71107,8,33,51,122,9,0.321,17036,583788,0.841
40_2024-07,40,2024-07,103012.41666666667,4,4842,12,28,65,75,20,0.239,10043,274710,0.861
40_2024-06,40,2024-06,103012.41666666667,4,157492,18,90,46,92,11,0.154,26025,501452,0.843
40_2024-05,40,2024-05,103012.41666666667,2,93071,5,42,24,135,15,0.328,11413,887157,0.929
40_2024-04,40,2024-04,103012.41666666667,0,13976,17,89,49,166,6,0.16,24494,717827,0.877
40_2024-03,40,2024-03,103012.41666666667,3,9225,6,26,19,159,18,0.305,25102,270054,0.905
40_2024-02,40,2024-02,103012.41666666667,3,26292,12,22,80,185,6,0.213,5781,642852,0.899
41_2024-12,41,2024-12,114050.5,0,11987,25,37,53,142,10,0.27,28340,915808,0.924
41_2024-12,41,2024-12,114050.5,4,12959,9,93,14,97,20,0.279,38510,887262,0.812
41_2024-11,41,2024-11,114050.5,0,185966,15,56,39,61,14,0.331,6415,660485,0.841
41_2024-10,41,2024-10,114050.5,3,182209,6,95,16,88,14,0.275,24468,245154,0.926
41_2024-09,41,2024-09,114050.5,2,158333,16,36,31,167,8,0.21,42364,165030,0.94
41_2024-08,41,2024-08,114050.5,1,93809,12,73,41,158,6,0.343,39529,715786,0.944
41_2024-07,41,2024-07,114050.5,4,148706,9,57,35,161,15,0.161,23764,278444,0.858
41_2024-06,41,2024-06,114050.5,3,135137,24,44,17,165,6,0.155,24803,524822,0.885
41_2024-05,41,2024-05,114050.5,4,65284,7,20,65,155,15,0.243,18669,666718,0.882
41_2024-04,41,2024-04,114050.5,8,183678,7,96,28,107,10,0.166,23127,345249,0.834
41_2024-03,41,2024-03,114050.5,6,155177,18,31,17,73,9,0.293,14744,842010,0.853
41_2024-02,41,2024-02,114050.5,8,115074,18,46,24,189,6,0.225,35875,193528,0.81
42_2024-12,42,2024-12,64243.5,3,37045,25,46,42,126,7,0.206,32572,191489,0.8
42_2024-12,42,2024-12,64243.5,8,23379,20,88,52,80,9,0.265,17512,684803,0.865
42_2024-11,42,2024-11,64243.5,6,173251,23,63,10,78,5,0.262,19057,345333,0.859
42_2024-10,42,2024-10,64243.5,4,47508,14,22,20,134,17,0.293,8098,733445,0.804
42_2024-09,42,2024-09,64243.5,0,189569,15,32,22,110,6,0.279,47259,358880,0.835
42_2024-08,42,2024-08,64243.5,7,147558,20,85,54,88,9,0.32,31848,348260,0.95
42_2024-07,42,2024-07,64243.5,4,108066,10,55,33,181,15,0.263,35569,671614,0.915
42_2024-06,42,2024-06,64243.5,1,143186,6,87,16,156,20,0.161,31420,226742,0.823
42_2024-05,42,2024-05,64243.5,1,84645,10,26,19,143,9,0.237,5833,815195,0.927
42_2024-04,42,2024-04,64243.5,8,145097,18,39,18,186,10,0.233,31700,631883,0.875
42_2024-03,42,2024-03,64243.5,1,198059,15,74,80,121,10,0.29,11793,824164,0.874
42_2024-02,42,2024-02,64243.5,8,194679,22,72,17,84,13,0.349,44927,315104,0.848
43_2024-12,43,2024-12,117987.5,2,63958,14,25,28,77,20,0.287,34811,782823,0.862
43_2024-12,43,2024-12,117987.5,4,188475,8,67,72,120,14,0.152,40900,540024,0.94
43_2024-11,43,2024-11,117987.5,8,10962,9,65,55,66,10,0.34,7912,190199,0.917
43_2024-10,43,2024-10,117987.5,2,170861,19,93,16,58,19,0.343,47684,151692,0.808
43_2024-09,43,2024-09,117987.5,4,10765,9,40,27,177,13,0.302,37864,593308,0.902
43_2024-08,43,2024-08,117987.5,7,73054,18,54,55,150,20,0.182,37888,171817,0.901
43_2024-07,43,2024-07,117987.5,6,2794,11,25,55,110,19,0.342,39073,635387,0.801
43_2024-06,43,2024-06,117987.5,2,184862,15,42,70,166,17,0.307,20223,302922,0.895
43_2024-05,43,2024-05,117987.5,5,117588,22,56,22,195,10,0.275,8351,406942,0.833
43_2024-04,43,2024-04,117987.5,1,185688,9,33,79,83,16,0.339,37868,359694,0.898
43_2024-03,43,2024-03,117987.5,7,191833,12,33,79,161,6,0.249,41000,309958,0.842
43_2024-02,43,2024-02,117987.5,5,65555,17,24,35,52,6,0.165,13401,661802,0.829
44_2024-12,44,2024-12,72625.16666666667,3,180924,17,31,51,94,6,0.163,14066,932705,0.869
44_2024-12,44,2024-12,72625.16666666667,0,61091,19,60,73,110,5,0.205,8767,674601,0.832
44_2024-11,44,2024-11,72625.16666666667,4,111754,9,49,38,111,15,0.219,29813,896420,0.877
44_2024-10,44,2024-10,72625.16666666667,7,34459,19,49,48,124,8,0.248,26047,541849,0.838
44_2024-09,44,2024-09,72625.16666666667,3,145904,17,76,53,129,15,0.284,24316,482939,0.919
44_2024-08,44,2024-08,72625.16666666667,3,116648,22,23,48,62,5,0.203,14109,625836,0.872
44_2024-07,44,2024-07,72625.16666666667,5,106614,24,39,11,69,18,0.289,47457,356551,0.903
44_2024-06,44,2024-06,72625.16666666667,6,112600,25,29,67,86,5,0.253,33274,684134,0.892
44_2024-05,44,2024-05,72625.16666666667,0,17431,13,74,15,87,6,0.28,18051,586894,0.886
44_2024-04,44,2024-04,72625.16666666667,1,111355,9,66,75,81,7,0.2,48664,902463,0.867
44_2024-03,44,2024-03,72625.16666666667,3,198509,11,80,22,144,7,0.24,27069,816404,0.823
44_2024-02,44,2024-02,72625.16666666667,4,22247,5,43,36,199,20,0.335,20151,729904,0.868
45_2024-12,45,2024-12,55076.333333333336,4,67862,12,22,65,107,15,0.285,38246,552191,0.899
45_2024-12,45,2024-12,55076.333333333336,4,8460,9,76,32,85,5,0.253,25061,848319,0.862
45_2024-11,45,2024-11,55076.333333333336,5,101012,13,54,51,90,6,0.183,38842,547071,0.905
45_2024-10,45,2024-10,55076.333333333336,1,182610,16,53,44,75,20,0.237,35788,303945,0.853
45_2024-09,45,2024-09,55076.333333333336,2,111626,23,64,60,65,14,0.309,15668,939032,0.91
45_2024-08,45,2024-08,55076.333333333336,4,187506,17,73,28,164,18,0.172,34254,816660,0.8
45_2024-07,45,2024-07,55076.333333333336,0,61290,18,20,17,144,5,0.174,18667,156339,0.842
45_2024-06,45,2024-06,55076.333333333336,5,63200,25,24,67,188,19,0.284,25056,253057,0.904
45_2024-05,45,2024-05,55076.333333333336,4,38042,25,34,37,140,5,0.274,13034,923576,0.902
45_2024-04,45,2024-04,55076.333333333336,6,12960,6,45,48,117,5,0.216,43778,879535,0.856
45_2024-03,45,2024-03,55076.333333333336,8,118719,19,30,11,175,8,0.334,24902,625640,0.851
45_2024-02,45,2024-02,55076.333333333336,0,83543,15,32,69,182,20,0.219,17797,372854,0.828
46_2024-12,46,2024-12,48507.166666666664,8,37051,23,26,13,93,11,0.26,48812,783619,0.929
46_2024-12,46,2024-12,48507.166666666664,5,155885,9,99,37,158,17,0.235,8297,798305,0.824
46_2024-11,46,2024-11,48507.166666666664,7,68304,12,83,57,95,15,0.293,26121,219896,0.873
46_2024-10,46,2024-10,48507.166666666664,5,167122,20,61,61,62,11,0.178,17927,858968,0.944
46_2024-09,46,2024-09,48507.166666666664,5,67708,9,29,46,184,6,0.346,40165,699701,0.939
46_2024-08,46,2024-08,48507.166666666664,5,196023,10,59,40,83,19,0.221,29994,630248,0.913
46_2024-07,46,2024-07,48507.166666666664,6,1956,19,93,35,120,12,0.332,18907,765733,0.91
46_2024-06,46,2024-06,48507.166666666664,7,161238,9,35,46,162,14,0.303,44188,766948,0.81
46_2024-05,46,2024-05,48507.166666666664,8,11190,11,68,65,109,5,0.221,36714,652406,0.905
46_2024-04,46,2024-04,48507.166666666664,3,147791,19,85,10,73,11,0.273,24796,446289,0.938
46_2024-03,46,2024-03,48507.166666666664,3,113927,12,53,47,152,17,0.26,41741,613035,0.844
46_2024-02,46,2024-02,48507.166666666664,8,30013,20,66,45,53,13,0.176,47843,291610,0.896
47_2024-12,47,2024-12,139345.33333333334,6,81463,10,63,36,158,17,0.323,17645,892285,0.941
47_2024-12,47,2024-12,139345.33333333334,6,160045,15,37,37,97,12,0.281,38043,257226,0.945
47_2024-11,47,2024-11,139345.33333333334,7,166218,25,70,60,133,17,0.271,14729,953117,0.906
47_2024-10,47,2024-10,139345.33333333334,6,60614,18,78,57,191,19,0.155,21177,408009,0.838
47_2024-09,47,2024-09,139345.33333333334,3,151760,9,65,69,192,20,0.284,49933,450050,0.813
47_2024-08,47,2024-08,139345.33333333334,4,167789,12,79,38,173,11,0.334,26528,508870,0.87
47_2024-07,47,2024-07,139345.33333333334,3,102156,8,37,32,54,9,0.299,11322,566341,0.873
47_2024-06,47,2024-06,139345.33333333334,3,80603,8,27,22,178,11,0.237,49303,330803,0.87
47_2024-05,47,2024-05,139345.33333333334,6,133288,23,77,29,104,11,0.337,11699,986910,0.94
47_2024-04,47,2024-04,139345.33333333334,7,189243,10,94,63,118,18,0.281,17545,120098,0.852
47_2024-03,47,2024-03,139345.33333333334,5,50664,7,53,62,90,7,0.343,30137,532424,0.841
47_2024-02,47,2024-02,139345.33333333334,7,177986,6,68,48,73,11,0.269,46317,802161,0.817
48_2024-12,48,2024-12,157347.16666666666,2,59025,14,54,71,98,11,0.286,24776,616691,0.938
48_2024-12,48,2024-12,157347.16666666666,3,174015,17,66,67,130,6,0.216,43228,568735,0.812
48_2024-11,48,2024-11,157347.16666666666,3,95254,9,64,39,86,9,0.162,34628,529253,0.911
48_2024-10,48,2024-10,157347.16666666666,3,7810,24,91,28,172,18,0.255,11486,927726,0.856
48_2024-09,48,2024-09,157347.16666666666,2,61798,12,85,46,147,7,0.259,25798,153638,0.859
48_2024-08,48,2024-08,157347.16666666666,7,82956,11,44,58,159,12,0.32,30142,525529,0.895
48_2024-07,48,2024-07,157347.16666666666,2,47380,7,100,49,177,13,0.276,22373,869119,0.814
48_2024-06,48,2024-06,157347.16666666666,2,36364,19,78,11,137,11,0.282,12975,256597,0.858
48_2024-05,48,2024-05,157347.16666666666,2,27204,8,40,51,189,10,0.292,24774,718459,0.941
48_2024-04,48,2024-04,157347.16666666666,7,48963,13,58,33,81,19,0.3,13715,734348,0.849
48_2024-03,48,2024-03,157347.16666666666,2,30717,24,53,43,169,15,0.238,33192,635358,0.912
48_2024-02,48,2024-02,157347.16666666666,6,49503,10,44,58,191,18,0.278,22670,370445,0.904
49_2024-12,49,2024-12,90909.83333333333,4,12962,21,79,64,102,9,0.163,35539,952787,0.937
49_2024-12,49,2024-12,90909.83333333333,8,157415,7,72,80,115,10,0.347,20979,359380,0.943
49_2024-11,49,2024-11,90909.83333333333,2,123819,11,97,41,61,16,0.255,49876,616806,0.833
49_2024-10,49,2024-10,90909.83333333333,6,34770,7,37,70,96,6,0.29,21335,148808,0.802
49_2024-09,49,2024-09,90909.83333333333,5,72438,16,40,28,96,20,0.26,21255,158580,0.934
49_2024-08,49,2024-08,90909.83333333333,7,39137,11,100,42,124,10,0.302,48962,608054,0.925
49_2024-07,49,2024-07,90909.83333333333,8,164834,10,34,18,193,14,0.237,26806,250268,0.871
49_2024-06,49,2024-06,90909.83333333333,8,119095,5,25,54,64,11,0.192,27448,603664,0.919
49_2024-05,49,2024-05,90909.83333333333,2,86616,20,28,35,111,17,0.247,47967,431237,0.811
49_2024-04,49,2024-04,90909.83333333333,8,105704,25,35,15,78,17,0.303,41459,778727,0.824
49_2024-03,49,2024-03,90909.83333333333,3,94704,8,88,35,146,11,0.239,6566,302260,0.907
49_2024-02,49,2024-02,90909.83333333333,7,16021,16,69,25,182,7,0.313,42542,818525,0.826
50_2024-12,50,2024-12,50973.916666666664,7,71163,21,65,56,52,14,0.244,23908,650264,0.814
50_2024-12,50,2024-12,50973.916666666664,0,61492,21,46,58,108,9,0.22,10163,254310,0.904
50_2024-11,50,2024-11,50973.916666666664,3,64699,6,85,34,181,12,0.337,42361,338644,0.902
50_2024-10,50,2024-10,50973.916666666664,4,92267,11,54,61,139,19,0.216,34204,280808,0.883
50_2024-09,50,2024-09,50973.916666666664,8,113359,13,36,72,156,13,0.201,23585,888245,0.919
50_2024-08,50,2024-08,50973.916666666664,1,40203,20,100,18,74,15,0.226,28739,164124,0.902
50_2024-07,50,2024-07,50973.916666666664,4,82079,18,26,15,56,18,0.253,38852,847462,0.924
50_2024-06,50,2024-06,50973.916666666664,2,191986,5,56,79,73,11,0.231,10120,112734,0.901
50_2024-05,50,2024-05,50973.916666666664,6,173795,9,88,10,98,12,0.293,29415,658413,0.923
50_2024-04,50,2024-04,50973.916666666664,8,41092,14,27,63,122,16,0.349,29928,688049,0.835
50_2024-03,50,2024-03,50973.916666666664,8,161780,6,72,70,56,17,0.15,10855,438881,0.851
50_2024-02,50,2024-02,50973.916666666664,3,81095,20,31,29,114,16,0.299,14784,611376,0.95
