metric_id,agent_id,month,tickets_assigned,tickets_resolved,tickets_escalated,avg_resolution_time_hours,avg_response_time_hours,customer_satisfaction,first_call_resolution_rate,sla_compliance_rate,productivity_score,knowledge_base_contributions,training_hours
1_2024-12,1,2024-12,131,88,0,34.11,1.25,4.27,0.616,0.872,0.79,6,18
1_2024-12,1,2024-12,133,76,1,35.04,4.73,4.83,0.674,0.882,0.89,8,12
1_2024-11,1,2024-11,73,27,8,2.13,4.1,4.27,0.866,0.959,0.71,3,15
1_2024-10,1,2024-10,60,53,7,38.26,7.05,3.97,0.796,0.959,0.77,9,9
1_2024-09,1,2024-09,112,87,5,2.08,6.91,4.25,0.641,0.932,0.81,1,16
1_2024-08,1,2024-08,97,58,9,30.97,3.23,3.52,0.642,0.958,0.71,7,1
1_2024-07,1,2024-07,139,57,2,33.66,4.75,4.58,0.854,0.91,0.98,4,17
1_2024-06,1,2024-06,81,118,4,45.72,1.9,4.35,0.602,0.908,0.81,10,14
1_2024-05,1,2024-05,115,20,0,7.97,6.05,4.74,0.762,0.851,0.77,8,20
1_2024-04,1,2024-04,86,61,4,24.4,5.78,4.66,0.892,0.962,0.82,5,14
1_2024-03,1,2024-03,71,48,10,31.41,5.92,4.15,0.66,0.857,0.84,2,6
1_2024-02,1,2024-02,25,28,13,14.6,3.48,4.36,0.883,0.921,0.73,4,3
2_2024-12,2,2024-12,82,66,1,11.45,4.13,4.21,0.705,0.863,0.78,3,20
2_2024-12,2,2024-12,96,16,0,31.1,6.77,4.59,0.632,0.975,0.93,10,11
2_2024-11,2,2024-11,86,17,15,32.58,4.36,4.92,0.71,0.934,0.79,2,5
2_2024-10,2,2024-10,83,39,12,34.37,7.37,4.39,0.767,0.935,0.85,0,13
2_2024-09,2,2024-09,103,77,11,47.07,5.18,3.92,0.856,0.926,0.72,7,19
2_2024-08,2,2024-08,84,99,7,31.05,1.03,4.11,0.781,0.923,0.88,6,13
2_2024-07,2,2024-07,67,103,3,22.04,5.99,4.66,0.898,0.862,0.96,1,5
2_2024-06,2,2024-06,97,56,15,30.05,3.78,3.51,0.628,0.859,0.92,10,9
2_2024-05,2,2024-05,90,29,0,32.69,1.75,4.77,0.763,0.908,0.85,2,2
2_2024-04,2,2024-04,73,56,8,41.06,7.87,4.05,0.802,0.909,0.83,9,14
2_2024-03,2,2024-03,31,51,12,30.71,4.27,3.64,0.618,0.96,0.96,9,1
2_2024-02,2,2024-02,134,48,13,28.45,1.91,4.61,0.75,0.966,0.82,1,9
3_2024-12,3,2024-12,23,43,3,40.1,7.35,3.83,0.763,0.92,0.93,0,9
3_2024-12,3,2024-12,113,117,8,30.97,3.31,3.95,0.74,0.878,0.72,6,19
3_2024-11,3,2024-11,89,92,7,40.95,7.15,3.89,0.732,0.92,0.71,6,20
3_2024-10,3,2024-10,93,52,8,30.78,3.71,3.59,0.727,0.95,0.94,3,8
3_2024-09,3,2024-09,147,97,0,42.65,0.65,3.53,0.864,0.896,0.83,8,4
3_2024-08,3,2024-08,55,17,4,28.85,5.74,4.9,0.746,0.916,0.78,6,5
3_2024-07,3,2024-07,41,27,2,24.29,3.97,3.79,0.831,0.953,0.98,1,4
3_2024-06,3,2024-06,102,103,12,45.6,1.06,4.21,0.88,0.932,0.71,3,5
3_2024-05,3,2024-05,124,72,8,41.49,3.76,4.63,0.674,0.98,0.71,0,7
3_2024-04,3,2024-04,77,103,14,19.97,6.51,3.91,0.628,0.927,0.88,2,20
3_2024-03,3,2024-03,80,25,13,20.51,4.47,3.93,0.855,0.855,0.7,4,11
3_2024-02,3,2024-02,120,34,12,4.21,4.49,3.98,0.706,0.854,0.76,3,12
4_2024-12,4,2024-12,133,67,15,28.58,2.17,3.76,0.631,0.949,0.73,0,4
4_2024-12,4,2024-12,87,59,9,41.06,7.56,3.84,0.875,0.924,0.91,4,16
4_2024-11,4,2024-11,119,38,5,25.04,7.97,4.07,0.805,0.887,0.82,7,13
4_2024-10,4,2024-10,69,67,2,6.49,6.12,4.8,0.872,0.899,0.87,6,3
4_2024-09,4,2024-09,144,56,14,10.45,5.69,4.03,0.616,0.874,0.86,2,0
4_2024-08,4,2024-08,50,105,9,38.09,7.5,4.61,0.604,0.979,0.8,6,0
4_2024-07,4,2024-07,142,19,6,18.33,3.56,4.18,0.774,0.873,0.79,4,19
4_2024-06,4,2024-06,50,44,1,34.43,6.24,3.73,0.883,0.861,0.72,6,12
4_2024-05,4,2024-05,95,45,7,4.12,2.51,3.96,0.878,0.88,0.98,6,15
4_2024-04,4,2024-04,58,85,12,19.06,7.62,4.09,0.761,0.938,0.75,1,2
4_2024-03,4,2024-03,104,24,14,5.91,5.75,4.89,0.672,0.852,0.87,9,0
4_2024-02,4,2024-02,100,15,15,15.89,7.11,4.9,0.752,0.974,0.99,6,19
5_2024-12,5,2024-12,146,111,1,6.57,0.52,3.51,0.669,0.947,0.97,9,17
5_2024-12,5,2024-12,114,22,13,15.04,4.45,4.71,0.878,0.975,0.95,4,18
5_2024-11,5,2024-11,45,15,8,18.06,3.4,4.81,0.686,0.866,0.9,8,11
5_2024-10,5,2024-10,24,67,15,18.12,2.97,3.89,0.843,0.964,0.99,5,15
5_2024-09,5,2024-09,90,43,0,13.27,1.54,3.65,0.7,0.89,0.96,0,16
5_2024-08,5,2024-08,51,104,0,3.91,3.81,4.44,0.857,0.896,0.8,2,11
5_2024-07,5,2024-07,119,120,1,7.91,0.99,4.55,0.635,0.94,0.97,5,12
5_2024-06,5,2024-06,103,53,8,24.72,7.37,4.06,0.674,0.929,0.91,3,12
5_2024-05,5,2024-05,94,56,12,15.88,2.64,3.56,0.836,0.973,0.85,9,6
5_2024-04,5,2024-04,50,91,5,23.64,3.49,3.82,0.804,0.969,0.83,3,1
5_2024-03,5,2024-03,135,42,1,12.46,7.16,4.44,0.671,0.883,0.72,6,7
5_2024-02,5,2024-02,116,30,1,42.26,3.37,4.17,0.671,0.969,0.87,0,18
6_2024-12,6,2024-12,40,99,7,10.93,5.67,4.66,0.766,0.957,0.86,2,14
6_2024-12,6,2024-12,55,110,14,19.27,4.4,4.48,0.738,0.903,0.87,2,19
6_2024-11,6,2024-11,106,82,3,36.43,4.5,4.99,0.811,0.969,0.94,10,8
6_2024-10,6,2024-10,118,117,12,15.49,3.28,4.2,0.875,0.863,0.92,10,9
6_2024-09,6,2024-09,128,47,4,38.64,5.11,3.66,0.818,0.871,1.0,2,7
6_2024-08,6,2024-08,123,43,5,37.62,3.22,4.35,0.705,0.894,0.77,8,2
6_2024-07,6,2024-07,33,33,4,32.62,7.13,4.36,0.772,0.91,0.92,2,6
6_2024-06,6,2024-06,137,96,7,18.91,3.95,4.1,0.824,0.901,0.79,4,8
6_2024-05,6,2024-05,137,38,5,22.09,7.69,4.07,0.887,0.976,0.74,0,7
6_2024-04,6,2024-04,111,35,3,15.52,7.86,4.45,0.714,0.919,0.94,0,3
6_2024-03,6,2024-03,44,73,11,29.31,7.09,4.26,0.639,0.913,0.77,4,5
6_2024-02,6,2024-02,42,67,8,41.62,6.99,4.7,0.843,0.976,0.84,1,18
7_2024-12,7,2024-12,104,91,0,18.13,7.57,4.69,0.838,0.951,0.89,5,16
7_2024-12,7,2024-12,20,70,12,15.76,3.71,4.42,0.603,0.959,0.79,3,9
7_2024-11,7,2024-11,143,64,4,5.64,4.03,3.78,0.768,0.938,0.98,5,11
7_2024-10,7,2024-10,81,39,4,32.27,5.17,4.89,0.874,0.952,0.8,10,10
7_2024-09,7,2024-09,57,92,11,7.03,3.94,5.0,0.857,0.953,0.83,4,10
7_2024-08,7,2024-08,77,86,9,32.68,3.69,3.87,0.898,0.864,0.72,8,14
7_2024-07,7,2024-07,39,68,11,40.37,6.99,4.69,0.689,0.892,0.8,3,17
7_2024-06,7,2024-06,58,79,14,16.01,2.69,3.6,0.783,0.919,0.83,7,17
7_2024-05,7,2024-05,98,70,9,2.19,1.21,4.39,0.873,0.945,0.91,2,1
7_2024-04,7,2024-04,80,59,11,47.0,0.57,4.72,0.774,0.969,0.84,0,17
7_2024-03,7,2024-03,107,101,11,13.57,2.45,4.33,0.676,0.877,0.79,6,12
7_2024-02,7,2024-02,47,119,6,42.44,7.39,4.66,0.744,0.864,0.95,1,13
8_2024-12,8,2024-12,56,32,9,25.28,1.73,4.3,0.722,0.936,0.92,0,2
8_2024-12,8,2024-12,117,68,0,13.28,1.53,4.01,0.793,0.891,0.73,1,4
8_2024-11,8,2024-11,128,56,14,45.56,2.62,4.98,0.714,0.922,0.92,6,14
8_2024-10,8,2024-10,101,94,9,45.86,3.77,4.47,0.897,0.879,0.73,1,8
8_2024-09,8,2024-09,121,99,7,7.65,6.08,3.92,0.785,0.916,0.85,0,15
8_2024-08,8,2024-08,120,79,8,16.02,4.79,3.71,0.899,0.918,0.81,2,15
8_2024-07,8,2024-07,88,64,14,5.85,6.38,3.61,0.7,0.887,0.89,8,5
8_2024-06,8,2024-06,71,92,8,9.96,4.69,4.65,0.752,0.871,0.71,8,1
8_2024-05,8,2024-05,124,16,2,4.18,1.09,4.18,0.846,0.973,0.8,6,9
8_2024-04,8,2024-04,49,44,11,44.87,2.51,4.16,0.738,0.978,0.86,3,10
8_2024-03,8,2024-03,23,106,13,2.94,4.47,3.81,0.747,0.873,0.86,4,5
8_2024-02,8,2024-02,109,49,6,46.81,3.74,3.99,0.702,0.862,0.85,3,20
9_2024-12,9,2024-12,150,64,11,35.84,3.03,4.1,0.813,0.873,0.82,10,9
9_2024-12,9,2024-12,21,114,14,19.5,4.96,4.05,0.622,0.884,0.9,4,2
9_2024-11,9,2024-11,84,103,11,29.74,3.93,4.54,0.716,0.907,0.88,3,10
9_2024-10,9,2024-10,68,40,5,30.6,6.57,4.42,0.682,0.879,0.95,9,4
9_2024-09,9,2024-09,126,92,12,12.22,0.97,4.94,0.79,0.962,0.99,9,14
9_2024-08,9,2024-08,115,43,0,47.0,6.1,3.97,0.734,0.924,0.7,2,0
9_2024-07,9,2024-07,123,52,12,18.36,3.17,3.82,0.61,0.943,0.88,9,4
9_2024-06,9,2024-06,103,67,11,19.0,4.92,4.29,0.699,0.858,0.82,8,11
9_2024-05,9,2024-05,81,20,14,12.01,3.11,4.1,0.678,0.961,0.7,6,5
9_2024-04,9,2024-04,146,69,10,15.33,1.39,4.64,0.78,0.877,0.72,2,15
9_2024-03,9,2024-03,65,111,11,33.57,1.75,4.72,0.72,0.885,0.91,9,19
9_2024-02,9,2024-02,35,107,1,39.63,3.04,3.63,0.889,0.9,0.89,10,8
10_2024-12,10,2024-12,67,31,2,13.65,6.04,4.3,0.732,0.868,0.73,9,5
10_2024-12,10,2024-12,139,117,9,13.95,1.54,3.71,0.898,0.866,0.9,9,17
10_2024-11,10,2024-11,145,105,12,24.37,6.48,4.97,0.86,0.913,0.81,9,14
10_2024-10,10,2024-10,95,40,4,27.03,0.8,4.68,0.707,0.89,0.97,1,16
10_2024-09,10,2024-09,127,90,4,11.91,3.95,4.01,0.797,0.876,0.99,4,8
10_2024-08,10,2024-08,105,23,13,3.65,2.15,4.38,0.886,0.975,0.88,7,20
10_2024-07,10,2024-07,53,93,9,32.28,7.33,3.7,0.71,0.881,0.98,0,6
10_2024-06,10,2024-06,130,41,9,31.5,5.64,4.72,0.835,0.958,0.85,0,2
10_2024-05,10,2024-05,54,72,0,27.83,0.84,4.53,0.751,0.936,0.85,4,17
10_2024-04,10,2024-04,105,25,7,7.3,1.61,3.86,0.771,0.897,0.84,1,6
10_2024-03,10,2024-03,84,55,4,44.8,3.42,4.41,0.893,0.885,0.92,10,11
10_2024-02,10,2024-02,80,108,0,42.0,0.52,4.78,0.85,0.96,0.91,2,9
11_2024-12,11,2024-12,70,57,15,19.72,3.96,3.61,0.627,0.901,0.81,10,3
11_2024-12,11,2024-12,75,36,10,35.18,7.16,4.75,0.684,0.875,0.88,6,4
11_2024-11,11,2024-11,38,18,13,2.8,2.6,4.52,0.749,0.864,0.83,8,12
11_2024-10,11,2024-10,89,118,14,16.53,6.2,4.51,0.759,0.92,0.83,3,4
11_2024-09,11,2024-09,47,30,7,27.94,2.17,4.76,0.617,0.915,0.72,1,2
11_2024-08,11,2024-08,67,35,6,33.91,7.5,3.84,0.89,0.928,0.8,9,2
11_2024-07,11,2024-07,75,111,2,40.9,6.56,4.17,0.813,0.856,0.78,6,18
11_2024-06,11,2024-06,120,104,13,36.66,7.73,4.21,0.823,0.929,0.84,0,11
11_2024-05,11,2024-05,59,43,1,14.61,4.7,4.72,0.722,0.912,0.99,2,18
11_2024-04,11,2024-04,111,93,10,29.17,4.32,3.51,0.712,0.875,0.8,6,10
11_2024-03,11,2024-03,135,61,15,10.36,4.72,4.17,0.878,0.942,0.82,8,20
11_2024-02,11,2024-02,128,24,11,13.15,2.35,4.0,0.754,0.956,0.82,7,15
12_2024-12,12,2024-12,41,90,5,24.48,2.15,3.68,0.673,0.978,0.77,5,1
12_2024-12,12,2024-12,122,45,14,43.96,3.58,3.98,0.755,0.88,0.82,6,9
12_2024-11,12,2024-11,80,43,10,28.49,2.63,4.45,0.817,0.858,0.82,0,2
12_2024-10,12,2024-10,140,114,2,25.78,3.7,3.95,0.748,0.942,0.74,9,2
12_2024-09,12,2024-09,117,20,1,33.85,2.27,4.47,0.607,0.912,0.98,10,10
12_2024-08,12,2024-08,136,77,13,30.57,0.75,4.04,0.837,0.909,0.78,6,11
12_2024-07,12,2024-07,61,50,5,30.71,7.22,4.34,0.888,0.936,0.83,9,13
12_2024-06,12,2024-06,138,33,5,16.37,6.65,4.24,0.809,0.942,0.8,7,12
12_2024-05,12,2024-05,101,120,12,10.55,1.66,4.78,0.673,0.877,1.0,10,11
12_2024-04,12,2024-04,41,87,10,43.91,2.23,4.88,0.686,0.914,0.84,3,13
12_2024-03,12,2024-03,120,20,7,20.76,3.49,3.73,0.634,0.86,0.91,3,4
12_2024-02,12,2024-02,42,20,15,43.76,3.59,4.56,0.622,0.862,0.83,9,4
13_2024-12,13,2024-12,86,89,9,36.49,0.9,4.59,0.709,0.906,0.72,0,15
13_2024-12,13,2024-12,74,88,11,32.18,2.04,3.6,0.65,0.894,0.81,7,17
13_2024-11,13,2024-11,59,67,1,23.68,7.67,4.36,0.763,0.853,0.9,5,7
13_2024-10,13,2024-10,133,117,13,21.73,2.98,4.32,0.739,0.885,0.8,10,1
13_2024-09,13,2024-09,122,97,8,3.84,3.95,3.83,0.653,0.963,0.77,2,1
13_2024-08,13,2024-08,147,55,9,23.0,4.03,4.63,0.786,0.907,0.76,2,9
13_2024-07,13,2024-07,130,91,6,42.0,6.39,4.24,0.689,0.885,0.89,5,17
13_2024-06,13,2024-06,52,68,8,23.62,1.42,4.95,0.694,0.946,0.84,6,14
13_2024-05,13,2024-05,123,72,11,37.95,2.62,4.61,0.816,0.944,0.78,9,20
13_2024-04,13,2024-04,34,64,5,43.77,1.8,4.56,0.658,0.962,0.86,9,1
13_2024-03,13,2024-03,46,35,11,2.15,3.02,3.53,0.674,0.864,0.81,8,14
13_2024-02,13,2024-02,54,68,9,27.62,7.41,3.94,0.675,0.927,0.98,3,18
14_2024-12,14,2024-12,27,46,4,12.64,4.73,3.7,0.653,0.975,0.76,4,2
14_2024-12,14,2024-12,74,80,6,4.83,2.91,4.09,0.786,0.952,0.93,10,17
14_2024-11,14,2024-11,20,81,5,2.96,3.63,4.71,0.804,0.98,0.99,10,16
14_2024-10,14,2024-10,106,102,0,46.72,4.56,4.39,0.847,0.924,0.86,4,16
14_2024-09,14,2024-09,142,82,3,27.0,3.29,3.59,0.685,0.959,0.73,9,8
14_2024-08,14,2024-08,90,65,3,26.56,1.92,3.94,0.817,0.885,1.0,10,0
14_2024-07,14,2024-07,30,117,6,30.33,4.2,4.24,0.619,0.928,0.82,5,18
14_2024-06,14,2024-06,107,85,5,15.92,3.1,3.6,0.884,0.869,0.86,6,12
14_2024-05,14,2024-05,26,53,5,29.86,0.6,4.96,0.747,0.962,0.85,8,17
14_2024-04,14,2024-04,104,101,3,11.26,1.22,3.89,0.842,0.955,0.88,0,13
14_2024-03,14,2024-03,88,53,5,41.25,4.29,3.57,0.709,0.962,0.76,7,9
14_2024-02,14,2024-02,148,94,11,44.83,3.21,4.62,0.742,0.882,0.97,8,12
15_2024-12,15,2024-12,135,60,4,25.92,1.64,5.0,0.771,0.966,0.74,5,13
15_2024-12,15,2024-12,75,79,15,4.84,4.16,4.12,0.686,0.881,0.74,3,11
15_2024-11,15,2024-11,126,87,8,35.82,6.81,4.32,0.646,0.876,0.71,2,16
15_2024-10,15,2024-10,73,73,8,42.27,0.62,3.99,0.835,0.899,0.8,8,8
15_2024-09,15,2024-09,87,112,12,47.54,1.69,4.1,0.721,0.921,0.82,5,6
15_2024-08,15,2024-08,130,102,11,40.47,6.12,4.98,0.873,0.97,0.93,0,16
15_2024-07,15,2024-07,64,76,9,23.74,6.94,4.69,0.823,0.895,0.87,0,10
15_2024-06,15,2024-06,61,35,3,31.65,7.18,4.54,0.669,0.916,0.77,2,9
15_2024-05,15,2024-05,117,73,11,17.89,6.12,3.88,0.836,0.892,0.96,9,12
15_2024-04,15,2024-04,132,31,13,47.2,2.66,4.55,0.767,0.869,0.99,0,12
15_2024-03,15,2024-03,132,118,2,21.73,3.89,4.37,0.775,0.937,0.85,8,9
15_2024-02,15,2024-02,54,70,6,23.19,3.59,4.78,0.658,0.979,1.0,10,11
16_2024-12,16,2024-12,66,20,15,18.13,5.35,4.13,0.846,0.905,0.89,5,16
16_2024-12,16,2024-12,45,117,11,34.64,1.04,3.54,0.707,0.9,0.73,1,11
16_2024-11,16,2024-11,74,56,3,31.85,7.81,4.15,0.644,0.927,0.76,0,16
16_2024-10,16,2024-10,124,56,14,3.39,3.92,3.61,0.657,0.942,0.96,4,15
16_2024-09,16,2024-09,43,78,2,18.78,6.24,4.17,0.604,0.86,0.78,0,17
16_2024-08,16,2024-08,106,68,14,46.96,1.4,4.0,0.698,0.889,0.76,10,9
16_2024-07,16,2024-07,141,21,11,9.58,3.45,3.91,0.819,0.932,0.76,10,7
16_2024-06,16,2024-06,47,107,14,12.99,5.29,4.3,0.83,0.949,0.85,5,19
16_2024-05,16,2024-05,86,55,8,8.18,5.55,3.72,0.705,0.9,0.75,6,9
16_2024-04,16,2024-04,150,56,12,48.0,6.35,3.9,0.885,0.857,0.95,2,1
16_2024-03,16,2024-03,144,28,0,23.31,3.2,3.89,0.62,0.866,0.83,3,15
16_2024-02,16,2024-02,107,59,3,8.71,5.61,4.7,0.681,0.861,0.73,8,1
17_2024-12,17,2024-12,53,15,6,44.01,4.69,4.22,0.704,0.856,0.74,0,10
17_2024-12,17,2024-12,27,63,4,29.97,2.99,4.06,0.775,0.859,0.87,2,17
17_2024-11,17,2024-11,105,69,10,33.82,6.96,4.98,0.82,0.915,0.76,4,11
17_2024-10,17,2024-10,72,57,6,26.24,5.74,3.82,0.664,0.931,0.83,10,11
17_2024-09,17,2024-09,146,115,14,38.08,3.91,4.63,0.639,0.86,0.71,7,3
17_2024-08,17,2024-08,35,52,7,34.6,5.42,4.79,0.641,0.893,0.96,7,0
17_2024-07,17,2024-07,100,72,8,8.43,3.42,3.52,0.651,0.858,0.95,10,12
17_2024-06,17,2024-06,83,86,13,45.88,5.1,3.98,0.766,0.957,0.93,4,16
17_2024-05,17,2024-05,112,33,14,41.22,3.19,3.71,0.734,0.887,0.8,10,4
17_2024-04,17,2024-04,37,78,14,27.7,3.56,4.44,0.681,0.864,0.91,3,20
17_2024-03,17,2024-03,24,120,13,47.05,6.67,4.85,0.846,0.947,0.82,3,5
17_2024-02,17,2024-02,109,48,9,5.0,7.09,4.01,0.886,0.947,0.94,3,10
18_2024-12,18,2024-12,84,81,2,28.01,2.46,4.1,0.856,0.874,0.79,7,19
18_2024-12,18,2024-12,140,102,4,19.8,3.62,3.74,0.607,0.852,0.91,6,1
18_2024-11,18,2024-11,79,112,5,32.2,2.56,4.12,0.602,0.914,0.76,10,9
18_2024-10,18,2024-10,41,94,7,23.41,2.93,4.55,0.723,0.933,0.91,0,11
18_2024-09,18,2024-09,34,72,11,42.88,0.52,3.96,0.753,0.905,0.81,6,9
18_2024-08,18,2024-08,96,84,9,2.42,1.61,3.9,0.75,0.945,0.9,5,4
18_2024-07,18,2024-07,63,71,6,38.52,2.69,3.89,0.853,0.896,0.82,5,18
18_2024-06,18,2024-06,32,18,8,34.45,1.82,4.45,0.688,0.969,0.83,7,7
18_2024-05,18,2024-05,122,118,15,26.73,2.1,4.27,0.834,0.962,0.87,0,17
18_2024-04,18,2024-04,120,113,4,24.62,5.03,4.56,0.857,0.89,0.7,1,3
18_2024-03,18,2024-03,28,30,10,19.02,7.29,4.06,0.717,0.923,0.79,5,19
18_2024-02,18,2024-02,124,80,6,10.07,7.3,3.68,0.753,0.969,0.77,4,14
19_2024-12,19,2024-12,61,111,2,18.06,6.91,4.78,0.827,0.873,0.73,1,16
19_2024-12,19,2024-12,127,69,14,27.73,4.01,3.9,0.676,0.94,0.95,1,11
19_2024-11,19,2024-11,113,111,6,10.69,0.62,3.83,0.818,0.873,0.77,1,13
19_2024-10,19,2024-10,50,79,5,11.8,6.1,4.34,0.661,0.877,0.78,5,7
19_2024-09,19,2024-09,133,42,10,31.73,3.27,4.21,0.871,0.963,0.84,5,5
19_2024-08,19,2024-08,71,23,13,31.18,2.14,4.36,0.742,0.866,0.83,0,1
19_2024-07,19,2024-07,25,56,8,43.42,2.12,4.28,0.762,0.9,0.96,9,10
19_2024-06,19,2024-06,28,103,14,19.79,4.72,4.76,0.619,0.915,0.95,4,19
19_2024-05,19,2024-05,81,102,7,33.74,3.23,3.89,0.871,0.911,0.88,0,2
19_2024-04,19,2024-04,27,42,6,5.54,2.52,3.58,0.795,0.915,0.99,2,16
19_2024-03,19,2024-03,127,44,11,26.18,2.88,4.14,0.889,0.892,0.8,5,9
19_2024-02,19,2024-02,147,63,13,44.64,6.16,3.69,0.617,0.926,0.88,4,7
20_2024-12,20,2024-12,126,103,12,38.27,5.13,4.26,0.723,0.977,0.87,9,6
20_2024-12,20,2024-12,106,105,1,5.5,6.02,4.61,0.79,0.858,0.83,5,2
20_2024-11,20,2024-11,97,115,4,38.21,4.85,4.38,0.806,0.886,0.93,0,14
20_2024-10,20,2024-10,44,30,13,28.59,1.97,4.98,0.886,0.968,0.74,2,1
20_2024-09,20,2024-09,97,16,13,11.8,1.61,4.5,0.828,0.903,0.8,1,11
20_2024-08,20,2024-08,36,93,12,32.33,3.45,3.68,0.817,0.976,0.77,10,15
20_2024-07,20,2024-07,113,17,3,47.59,1.08,4.76,0.878,0.86,0.75,10,0
20_2024-06,20,2024-06,77,74,14,7.81,2.51,3.88,0.697,0.935,0.87,9,14
20_2024-05,20,2024-05,112,49,2,41.77,1.49,4.65,0.608,0.916,0.82,2,17
20_2024-04,20,2024-04,119,100,13,23.19,2.33,4.34,0.882,0.902,0.87,9,2
20_2024-03,20,2024-03,21,92,12,26.86,1.29,3.84,0.826,0.926,0.78,9,10
20_2024-02,20,2024-02,87,65,15,10.07,7.52,4.03,0.757,0.867,0.89,2,12
21_2024-12,21,2024-12,125,118,3,34.62,5.78,4.93,0.756,0.906,0.99,7,13
21_2024-12,21,2024-12,40,94,8,43.16,3.52,3.87,0.682,0.952,0.85,7,3
21_2024-11,21,2024-11,109,47,10,3.84,5.89,4.9,0.809,0.856,0.82,4,16
21_2024-10,21,2024-10,59,75,1,20.08,0.96,4.75,0.847,0.874,0.9,3,15
21_2024-09,21,2024-09,89,28,11,27.32,3.73,3.98,0.898,0.954,0.86,0,7
21_2024-08,21,2024-08,45,76,7,3.49,6.17,4.87,0.809,0.857,0.78,1,12
21_2024-07,21,2024-07,94,59,0,30.93,4.62,4.33,0.602,0.886,0.95,4,7
21_2024-06,21,2024-06,41,78,8,3.08,6.77,3.8,0.836,0.866,0.91,7,0
21_2024-05,21,2024-05,141,19,13,7.04,3.07,3.65,0.632,0.938,0.93,3,1
21_2024-04,21,2024-04,120,74,6,46.45,1.74,3.67,0.634,0.977,0.74,3,11
21_2024-03,21,2024-03,107,77,11,35.98,7.99,3.78,0.741,0.877,0.91,4,16
21_2024-02,21,2024-02,28,46,0,13.53,3.86,4.62,0.647,0.941,0.73,0,1
22_2024-12,22,2024-12,118,28,4,33.01,7.61,4.83,0.851,0.89,0.72,1,6
22_2024-12,22,2024-12,31,88,14,4.52,4.46,3.81,0.67,0.902,0.88,6,14
22_2024-11,22,2024-11,92,110,11,43.41,4.42,4.82,0.78,0.854,0.77,4,7
22_2024-10,22,2024-10,119,104,8,22.0,4.38,4.47,0.784,0.943,0.97,5,9
22_2024-09,22,2024-09,90,101,8,20.21,2.86,4.24,0.795,0.893,0.98,5,8
22_2024-08,22,2024-08,143,68,6,29.38,6.31,4.9,0.868,0.852,0.73,9,11
22_2024-07,22,2024-07,74,24,11,13.78,0.68,4.22,0.738,0.889,0.97,5,8
22_2024-06,22,2024-06,34,39,10,24.65,5.95,4.98,0.782,0.881,0.81,6,4
22_2024-05,22,2024-05,52,89,6,6.24,4.24,3.93,0.683,0.893,0.84,5,19
22_2024-04,22,2024-04,25,56,11,23.82,3.2,4.76,0.706,0.917,0.81,4,18
22_2024-03,22,2024-03,144,44,6,47.57,3.17,4.27,0.778,0.857,0.76,8,19
22_2024-02,22,2024-02,76,21,8,6.45,4.51,4.23,0.665,0.854,0.73,9,7
23_2024-12,23,2024-12,26,84,10,9.21,4.91,4.69,0.852,0.892,0.82,4,17
23_2024-12,23,2024-12,45,33,4,10.67,2.77,3.51,0.698,0.915,0.99,3,4
23_2024-11,23,2024-11,69,88,14,39.23,5.45,3.92,0.773,0.954,0.77,0,17
23_2024-10,23,2024-10,129,64,0,11.86,4.99,4.84,0.65,0.873,0.9,5,4
23_2024-09,23,2024-09,78,34,15,10.22,6.85,3.6,0.794,0.862,0.86,3,17
23_2024-08,23,2024-08,131,86,11,5.13,1.34,3.56,0.751,0.948,0.95,1,6
23_2024-07,23,2024-07,69,58,13,15.6,7.62,4.07,0.848,0.92,0.96,6,15
23_2024-06,23,2024-06,130,34,11,27.65,1.91,4.09,0.892,0.979,0.95,0,0
23_2024-05,23,2024-05,100,64,15,44.25,3.65,3.62,0.888,0.91,0.91,10,13
23_2024-04,23,2024-04,29,97,14,45.77,7.62,3.9,0.819,0.961,0.75,10,1
23_2024-03,23,2024-03,79,88,3,22.04,1.76,4.53,0.603,0.856,0.9,3,17
23_2024-02,23,2024-02,53,64,4,41.19,6.73,4.82,0.643,0.96,0.94,2,3
24_2024-12,24,2024-12,107,119,9,10.69,1.93,4.04,0.887,0.961,0.94,9,16
24_2024-12,24,2024-12,89,33,0,42.78,7.69,3.71,0.681,0.936,0.99,4,14
24_2024-11,24,2024-11,60,96,7,10.94,7.43,4.85,0.872,0.881,0.95,0,9
24_2024-10,24,2024-10,58,42,7,30.55,7.75,4.78,0.808,0.919,0.84,5,0
24_2024-09,24,2024-09,24,114,1,26.07,1.87,3.97,0.848,0.93,0.73,6,15
24_2024-08,24,2024-08,100,67,10,47.71,1.66,4.61,0.658,0.877,0.92,2,11
24_2024-07,24,2024-07,94,43,15,30.75,7.68,3.98,0.772,0.887,0.72,2,12
24_2024-06,24,2024-06,127,56,10,41.86,6.23,3.75,0.743,0.881,0.95,6,5
24_2024-05,24,2024-05,79,36,5,24.44,5.67,4.83,0.666,0.925,0.79,3,3
24_2024-04,24,2024-04,120,79,3,22.17,5.35,4.1,0.713,0.909,0.9,10,12
24_2024-03,24,2024-03,66,63,8,18.4,2.63,4.55,0.783,0.928,0.86,0,19
24_2024-02,24,2024-02,25,29,7,11.45,3.81,4.6,0.732,0.947,0.83,10,6
25_2024-12,25,2024-12,24,76,0,34.84,1.85,3.79,0.781,0.909,0.78,3,2
25_2024-12,25,2024-12,138,16,10,32.62,7.87,4.05,0.726,0.954,0.73,3,18
25_2024-11,25,2024-11,40,29,6,27.54,7.4,4.58,0.863,0.965,0.77,10,15
25_2024-10,25,2024-10,150,71,2,10.58,0.69,4.71,0.858,0.978,0.71,7,11
25_2024-09,25,2024-09,66,96,3,40.74,2.41,3.74,0.761,0.923,0.8,0,10
25_2024-08,25,2024-08,145,15,0,42.71,7.91,4.06,0.872,0.971,0.71,10,17
25_2024-07,25,2024-07,144,37,7,32.62,7.25,3.9,0.812,0.908,0.78,4,19
25_2024-06,25,2024-06,149,37,1,26.79,1.91,3.99,0.759,0.882,0.97,10,13
25_2024-05,25,2024-05,100,58,13,38.99,1.78,4.31,0.717,0.867,0.71,5,11
25_2024-04,25,2024-04,129,117,5,39.29,6.54,4.08,0.8,0.964,0.83,7,10
25_2024-03,25,2024-03,34,108,9,20.13,3.38,4.04,0.839,0.909,0.79,10,3
25_2024-02,25,2024-02,92,117,14,17.08,3.38,4.64,0.684,0.942,0.92,6,18
26_2024-12,26,2024-12,79,119,4,6.59,5.44,3.87,0.881,0.878,0.99,7,13
26_2024-12,26,2024-12,59,17,6,8.47,1.52,3.55,0.744,0.904,0.8,0,2
26_2024-11,26,2024-11,149,16,3,18.81,2.1,4.72,0.789,0.942,0.99,9,13
26_2024-10,26,2024-10,108,52,8,37.82,0.76,4.95,0.691,0.868,0.79,1,7
26_2024-09,26,2024-09,39,48,3,18.56,7.04,3.98,0.886,0.914,0.76,3,3
26_2024-08,26,2024-08,95,92,10,12.87,2.41,4.39,0.658,0.887,0.72,1,5
26_2024-07,26,2024-07,31,35,6,11.56,1.71,4.61,0.666,0.957,0.95,0,15
26_2024-06,26,2024-06,26,100,6,4.21,1.27,3.7,0.795,0.97,0.89,0,16
26_2024-05,26,2024-05,150,77,2,35.27,1.08,4.44,0.871,0.97,0.97,8,19
26_2024-04,26,2024-04,20,41,1,36.1,6.03,4.39,0.814,0.973,0.85,7,20
26_2024-03,26,2024-03,64,27,1,31.68,5.99,4.71,0.712,0.978,0.91,9,6
26_2024-02,26,2024-02,144,92,1,32.95,6.31,4.84,0.833,0.962,0.82,4,3
27_2024-12,27,2024-12,123,17,14,47.33,5.26,3.91,0.827,0.861,0.73,6,10
27_2024-12,27,2024-12,37,71,14,14.63,2.48,3.97,0.861,0.882,0.87,5,18
27_2024-11,27,2024-11,42,71,4,46.54,7.67,4.28,0.703,0.867,0.85,8,20
27_2024-10,27,2024-10,58,50,2,32.31,1.23,3.82,0.742,0.873,0.83,5,14
27_2024-09,27,2024-09,131,36,12,43.74,1.46,3.9,0.778,0.875,0.77,8,14
27_2024-08,27,2024-08,24,22,5,47.83,1.8,3.95,0.829,0.98,0.75,3,13
27_2024-07,27,2024-07,25,85,6,26.77,2.93,3.88,0.771,0.904,0.88,2,13
27_2024-06,27,2024-06,43,72,8,41.53,5.22,3.8,0.686,0.945,0.97,9,16
27_2024-05,27,2024-05,118,62,14,37.05,5.7,4.25,0.654,0.923,0.99,10,0
27_2024-04,27,2024-04,140,80,15,8.91,7.02,4.52,0.643,0.883,0.93,7,5
27_2024-03,27,2024-03,81,70,15,3.35,0.52,3.57,0.658,0.95,0.71,8,9
27_2024-02,27,2024-02,61,90,11,36.48,0.79,4.81,0.753,0.979,0.85,1,20
28_2024-12,28,2024-12,72,26,10,41.14,7.86,3.89,0.701,0.868,0.81,6,16
28_2024-12,28,2024-12,111,103,6,45.41,3.27,4.25,0.698,0.959,0.88,0,10
28_2024-11,28,2024-11,148,72,4,25.0,7.48,3.95,0.801,0.876,0.92,10,14
28_2024-10,28,2024-10,98,29,9,38.63,1.5,4.31,0.619,0.907,0.83,10,8
28_2024-09,28,2024-09,63,31,0,32.59,2.53,3.72,0.819,0.892,0.73,6,15
28_2024-08,28,2024-08,45,33,11,43.88,5.56,4.53,0.661,0.973,0.76,3,0
28_2024-07,28,2024-07,50,119,15,47.76,3.79,3.99,0.898,0.973,0.79,5,2
28_2024-06,28,2024-06,28,43,5,44.53,7.49,3.58,0.683,0.867,0.95,10,5
28_2024-05,28,2024-05,61,16,1,37.3,2.35,4.6,0.643,0.955,0.97,9,14
28_2024-04,28,2024-04,130,53,13,6.97,4.33,4.15,0.866,0.891,0.76,10,8
28_2024-03,28,2024-03,29,16,10,21.57,6.53,3.58,0.64,0.929,0.98,8,0
28_2024-02,28,2024-02,130,80,12,12.24,3.92,4.19,0.673,0.921,0.95,7,0
29_2024-12,29,2024-12,95,53,15,15.66,1.88,3.56,0.777,0.96,0.76,10,12
29_2024-12,29,2024-12,78,48,4,28.14,3.81,4.01,0.608,0.86,0.95,10,10
29_2024-11,29,2024-11,50,56,8,12.45,6.95,3.88,0.637,0.93,0.99,5,6
29_2024-10,29,2024-10,48,43,3,33.84,3.44,4.61,0.624,0.979,0.87,4,0
29_2024-09,29,2024-09,133,89,8,42.99,3.49,4.98,0.81,0.93,0.86,3,1
29_2024-08,29,2024-08,75,22,6,26.67,4.72,4.91,0.821,0.952,0.87,10,18
29_2024-07,29,2024-07,23,50,10,13.55,6.54,4.73,0.798,0.925,0.94,7,16
29_2024-06,29,2024-06,23,23,11,13.6,6.2,4.97,0.741,0.922,0.71,6,0
29_2024-05,29,2024-05,59,76,2,47.35,3.34,3.72,0.614,0.948,0.84,8,10
29_2024-04,29,2024-04,70,62,3,27.43,7.74,4.6,0.644,0.922,0.72,8,8
29_2024-03,29,2024-03,75,108,13,33.37,3.36,3.62,0.749,0.939,0.91,7,6
29_2024-02,29,2024-02,54,84,9,2.79,2.59,3.7,0.707,0.968,0.84,1,6
30_2024-12,30,2024-12,38,33,5,35.27,3.45,3.67,0.614,0.863,0.79,3,5
30_2024-12,30,2024-12,147,84,15,12.36,7.36,4.17,0.814,0.85,0.97,0,3
30_2024-11,30,2024-11,97,79,3,46.27,3.1,3.88,0.69,0.898,0.8,2,6
30_2024-10,30,2024-10,131,28,6,33.61,7.46,3.64,0.836,0.906,0.85,6,7
30_2024-09,30,2024-09,96,102,2,33.01,7.79,3.7,0.705,0.901,0.88,10,10
30_2024-08,30,2024-08,68,115,2,36.21,4.67,4.27,0.895,0.932,0.82,4,6
30_2024-07,30,2024-07,113,108,8,10.9,4.11,3.72,0.68,0.93,0.83,5,8
30_2024-06,30,2024-06,64,36,1,33.67,7.34,4.58,0.642,0.898,0.97,2,13
30_2024-05,30,2024-05,83,80,9,29.25,5.43,3.86,0.762,0.867,0.74,6,14
30_2024-04,30,2024-04,76,35,15,4.24,3.34,4.23,0.712,0.863,0.79,3,15
30_2024-03,30,2024-03,48,52,9,7.07,3.27,4.28,0.764,0.872,0.97,8,7
30_2024-02,30,2024-02,45,20,0,42.56,3.65,4.26,0.646,0.856,0.85,6,13
31_2024-12,31,2024-12,47,32,6,35.76,2.92,4.77,0.894,0.933,0.81,2,9
31_2024-12,31,2024-12,142,16,11,30.1,5.32,3.9,0.689,0.909,0.76,8,5
31_2024-11,31,2024-11,63,114,9,44.21,6.54,4.35,0.756,0.909,0.86,7,19
31_2024-10,31,2024-10,144,46,9,24.26,4.22,4.59,0.772,0.88,0.93,6,7
31_2024-09,31,2024-09,146,55,6,41.39,7.69,3.63,0.873,0.946,0.98,6,2
31_2024-08,31,2024-08,80,50,15,28.22,7.25,4.0,0.637,0.853,0.8,6,11
31_2024-07,31,2024-07,74,120,10,45.11,6.79,4.36,0.616,0.94,0.93,4,13
31_2024-06,31,2024-06,55,30,7,17.95,1.72,4.43,0.661,0.941,0.84,2,7
31_2024-05,31,2024-05,101,75,10,28.09,4.86,4.34,0.82,0.895,0.99,6,14
31_2024-04,31,2024-04,77,46,1,20.91,1.12,4.8,0.845,0.976,0.71,3,20
31_2024-03,31,2024-03,21,94,13,3.92,6.31,3.85,0.782,0.856,0.72,3,1
31_2024-02,31,2024-02,82,79,5,30.95,7.17,3.99,0.691,0.946,0.96,4,6
32_2024-12,32,2024-12,138,77,8,11.78,7.6,3.54,0.802,0.904,0.72,7,20
32_2024-12,32,2024-12,107,87,5,24.99,4.02,4.64,0.745,0.91,0.97,5,14
32_2024-11,32,2024-11,117,120,7,29.61,1.6,4.99,0.822,0.939,0.84,10,20
32_2024-10,32,2024-10,25,20,8,12.37,4.45,3.64,0.662,0.896,0.94,7,20
32_2024-09,32,2024-09,143,29,11,44.32,3.84,3.8,0.75,0.872,0.74,5,5
32_2024-08,32,2024-08,148,43,1,39.9,7.47,4.44,0.635,0.968,0.76,10,7
32_2024-07,32,2024-07,108,32,10,4.06,2.37,4.05,0.762,0.926,0.71,6,16
32_2024-06,32,2024-06,48,16,1,43.36,7.28,3.89,0.886,0.969,0.87,4,12
32_2024-05,32,2024-05,123,95,13,29.55,1.2,3.77,0.866,0.871,0.75,3,18
32_2024-04,32,2024-04,86,36,7,46.21,5.63,4.65,0.775,0.899,0.79,0,17
32_2024-03,32,2024-03,86,57,15,22.29,1.0,4.31,0.873,0.868,0.86,6,19
32_2024-02,32,2024-02,44,59,4,44.97,1.6,3.58,0.624,0.907,0.96,3,20
33_2024-12,33,2024-12,122,36,1,46.34,1.69,3.78,0.618,0.885,0.74,5,15
33_2024-12,33,2024-12,30,73,0,14.31,1.36,3.82,0.703,0.921,0.87,10,13
33_2024-11,33,2024-11,78,104,1,43.34,2.8,4.9,0.658,0.978,0.79,4,19
33_2024-10,33,2024-10,124,24,13,6.67,1.06,3.9,0.609,0.854,0.96,5,0
33_2024-09,33,2024-09,63,79,14,46.4,2.01,4.25,0.613,0.905,0.86,7,16
33_2024-08,33,2024-08,27,70,12,12.17,0.83,4.09,0.672,0.979,0.73,4,10
33_2024-07,33,2024-07,20,100,6,14.05,7.76,4.14,0.649,0.928,0.9,2,5
33_2024-06,33,2024-06,128,26,13,4.56,1.18,3.63,0.746,0.929,0.9,5,8
33_2024-05,33,2024-05,100,61,3,31.88,2.35,3.93,0.642,0.862,0.97,0,7
33_2024-04,33,2024-04,21,69,4,10.37,1.54,4.74,0.745,0.874,0.98,10,0
33_2024-03,33,2024-03,97,75,8,18.92,0.72,4.79,0.73,0.904,1.0,2,18
33_2024-02,33,2024-02,72,108,10,17.94,1.91,4.39,0.654,0.95,0.71,10,12
34_2024-12,34,2024-12,53,117,5,9.77,0.78,4.18,0.895,0.944,0.91,8,20
34_2024-12,34,2024-12,24,79,5,18.93,6.73,3.89,0.725,0.937,0.95,2,5
34_2024-11,34,2024-11,123,53,8,25.68,7.29,3.61,0.751,0.93,0.88,7,6
34_2024-10,34,2024-10,114,115,9,9.8,2.44,3.58,0.726,0.858,0.72,8,17
34_2024-09,34,2024-09,29,113,10,44.59,2.51,4.58,0.677,0.852,0.81,0,2
34_2024-08,34,2024-08,147,89,8,19.91,2.65,4.44,0.784,0.963,0.99,9,0
34_2024-07,34,2024-07,114,87,0,18.28,1.41,4.84,0.814,0.885,0.79,5,4
34_2024-06,34,2024-06,72,97,10,15.92,1.61,4.56,0.699,0.904,0.85,8,9
34_2024-05,34,2024-05,112,90,5,17.16,6.77,3.69,0.679,0.964,0.96,0,13
34_2024-04,34,2024-04,36,114,2,22.83,3.13,3.93,0.85,0.867,0.9,10,20
34_2024-03,34,2024-03,139,96,0,16.37,5.87,3.98,0.743,0.898,0.78,4,3
34_2024-02,34,2024-02,113,55,7,8.47,5.86,4.18,0.641,0.851,0.81,10,18
35_2024-12,35,2024-12,134,83,2,44.13,3.56,4.87,0.805,0.899,0.72,5,20
35_2024-12,35,2024-12,47,68,11,9.15,5.75,4.1,0.815,0.909,0.97,9,11
35_2024-11,35,2024-11,90,37,7,29.5,0.96,3.92,0.799,0.905,0.86,9,7
35_2024-10,35,2024-10,72,56,10,18.71,4.49,4.74,0.889,0.911,0.93,2,0
35_2024-09,35,2024-09,46,101,0,14.49,7.04,4.27,0.837,0.92,1.0,3,5
35_2024-08,35,2024-08,100,46,3,26.7,4.4,4.49,0.887,0.87,1.0,4,2
35_2024-07,35,2024-07,26,51,7,39.03,7.07,3.56,0.693,0.851,0.75,9,15
35_2024-06,35,2024-06,84,114,12,8.49,4.97,4.75,0.722,0.855,0.93,2,1
35_2024-05,35,2024-05,140,48,6,40.61,7.46,4.25,0.65,0.913,0.91,10,13
35_2024-04,35,2024-04,109,61,7,8.16,5.3,4.92,0.75,0.92,0.98,5,15
35_2024-03,35,2024-03,72,26,0,42.73,4.32,4.14,0.711,0.968,0.82,0,9
35_2024-02,35,2024-02,102,96,5,25.0,5.57,4.21,0.831,0.874,0.76,6,7
36_2024-12,36,2024-12,38,96,9,8.77,2.92,3.97,0.78,0.889,0.78,0,3
36_2024-12,36,2024-12,130,74,15,43.81,3.45,4.91,0.699,0.977,0.96,8,0
36_2024-11,36,2024-11,68,106,3,3.81,7.92,4.25,0.794,0.938,0.71,7,19
36_2024-10,36,2024-10,124,114,9,41.01,3.22,4.48,0.767,0.895,0.98,0,3
36_2024-09,36,2024-09,54,73,8,14.99,3.87,4.61,0.785,0.933,0.75,5,8
36_2024-08,36,2024-08,95,76,5,29.15,4.58,3.58,0.87,0.894,0.89,10,7
36_2024-07,36,2024-07,136,39,4,33.5,2.58,4.74,0.813,0.879,0.91,9,20
36_2024-06,36,2024-06,150,105,7,8.31,1.36,3.77,0.714,0.882,0.77,0,7
36_2024-05,36,2024-05,87,56,11,11.66,2.65,3.63,0.674,0.962,0.95,2,1
36_2024-04,36,2024-04,139,49,7,46.22,2.87,4.75,0.639,0.865,0.71,8,15
36_2024-03,36,2024-03,65,58,6,44.47,2.65,4.46,0.867,0.894,0.9,0,10
36_2024-02,36,2024-02,54,16,5,36.65,2.55,4.84,0.608,0.861,0.76,0,7
37_2024-12,37,2024-12,47,61,1,12.71,6.87,4.3,0.864,0.951,0.77,9,19
37_2024-12,37,2024-12,24,89,6,4.63,5.8,4.3,0.812,0.975,0.92,4,19
37_2024-11,37,2024-11,138,39,2,25.0,3.68,3.99,0.779,0.852,0.83,5,20
37_2024-10,37,2024-10,20,37,4,26.54,4.93,4.19,0.844,0.91,0.73,2,5
37_2024-09,37,2024-09,76,106,7,37.8,1.95,4.46,0.731,0.952,0.99,2,15
37_2024-08,37,2024-08,91,24,15,47.74,5.82,3.66,0.888,0.922,0.74,8,2
37_2024-07,37,2024-07,25,100,10,4.81,6.85,3.94,0.812,0.858,0.92,10,14
37_2024-06,37,2024-06,66,41,5,23.69,4.63,4.02,0.724,0.934,0.96,0,6
37_2024-05,37,2024-05,103,76,3,2.05,6.32,4.57,0.61,0.907,0.77,8,7
37_2024-04,37,2024-04,53,82,3,44.39,4.5,4.2,0.625,0.908,0.9,3,8
37_2024-03,37,2024-03,118,95,14,22.72,7.38,4.17,0.89,0.909,0.86,9,7
37_2024-02,37,2024-02,25,65,1,42.97,3.45,3.95,0.663,0.934,0.92,9,20
38_2024-12,38,2024-12,32,17,12,9.58,5.04,4.37,0.657,0.966,0.7,7,2
38_2024-12,38,2024-12,31,98,1,30.64,1.93,3.58,0.658,0.874,0.96,1,12
38_2024-11,38,2024-11,78,77,15,28.5,6.51,4.4,0.695,0.98,0.77,8,7
38_2024-10,38,2024-10,47,22,11,7.42,2.29,4.8,0.608,0.925,0.87,4,12
38_2024-09,38,2024-09,107,62,12,32.16,1.12,3.66,0.687,0.947,0.99,0,18
38_2024-08,38,2024-08,84,32,10,32.7,0.51,4.97,0.709,0.893,0.78,9,4
38_2024-07,38,2024-07,113,56,8,10.12,1.54,3.53,0.841,0.968,0.96,3,19
38_2024-06,38,2024-06,87,23,10,33.25,5.12,4.63,0.814,0.863,0.92,3,10
38_2024-05,38,2024-05,33,101,14,47.92,6.48,3.96,0.618,0.904,0.99,7,20
38_2024-04,38,2024-04,137,36,1,3.77,7.78,4.02,0.761,0.925,0.78,2,14
38_2024-03,38,2024-03,71,115,7,5.72,3.13,4.07,0.626,0.957,0.75,6,7
38_2024-02,38,2024-02,56,120,7,2.11,1.28,4.67,0.718,0.976,0.82,2,19
39_2024-12,39,2024-12,136,87,4,37.46,1.37,3.67,0.835,0.948,0.85,5,5
39_2024-12,39,2024-12,75,30,8,26.0,6.32,3.53,0.602,0.921,0.76,0,20
39_2024-11,39,2024-11,132,91,5,15.44,4.86,4.52,0.724,0.869,0.92,2,0
39_2024-10,39,2024-10,84,26,2,47.27,2.76,3.65,0.831,0.888,0.76,2,1
39_2024-09,39,2024-09,55,66,1,20.33,1.23,4.52,0.836,0.899,0.82,10,8
39_2024-08,39,2024-08,51,89,3,28.82,5.1,3.84,0.618,0.909,0.7,2,18
39_2024-07,39,2024-07,25,46,11,6.91,3.67,4.21,0.619,0.888,0.71,8,3
39_2024-06,39,2024-06,36,84,0,39.83,5.05,4.29,0.888,0.898,0.83,9,17
39_2024-05,39,2024-05,52,74,0,6.38,6.6,4.74,0.611,0.965,0.91,6,1
39_2024-04,39,2024-04,122,19,7,6.56,7.76,5.0,0.815,0.925,0.74,2,16
39_2024-03,39,2024-03,32,60,3,44.97,1.0,3.86,0.711,0.905,0.93,5,14
39_2024-02,39,2024-02,47,115,0,39.21,6.13,3.94,0.751,0.919,0.71,1,12
40_2024-12,40,2024-12,131,52,2,6.03,6.7,4.3,0.844,0.921,0.86,3,6
40_2024-12,40,2024-12,107,36,3,22.26,7.3,4.52,0.826,0.926,0.72,7,7
40_2024-11,40,2024-11,136,47,1,41.64,2.11,3.82,0.68,0.858,0.91,3,13
40_2024-10,40,2024-10,59,22,10,44.07,7.35,4.25,0.882,0.946,0.82,10,6
40_2024-09,40,2024-09,92,36,13,23.75,2.15,4.94,0.716,0.931,0.85,4,1
40_2024-08,40,2024-08,28,86,5,33.43,5.49,4.87,0.85,0.94,0.72,0,8
40_2024-07,40,2024-07,99,89,4,19.07,4.89,4.81,0.727,0.873,0.83,3,2
40_2024-06,40,2024-06,97,112,14,29.64,7.16,4.77,0.706,0.98,0.84,0,0
40_2024-05,40,2024-05,127,61,9,33.3,1.65,4.96,0.808,0.91,0.89,9,18
40_2024-04,40,2024-04,41,58,12,45.04,7.6,4.97,0.823,0.977,0.98,7,18
40_2024-03,40,2024-03,39,94,2,40.62,7.0,3.53,0.815,0.928,0.9,5,5
40_2024-02,40,2024-02,123,86,14,40.91,1.12,3.78,0.815,0.855,0.89,0,20
41_2024-12,41,2024-12,96,115,14,44.52,6.32,4.61,0.741,0.857,0.74,7,5
41_2024-12,41,2024-12,21,112,6,18.15,7.06,3.51,0.875,0.956,0.81,0,19
41_2024-11,41,2024-11,72,85,13,45.25,7.75,4.59,0.854,0.896,0.94,10,14
41_2024-10,41,2024-10,81,62,10,11.07,1.88,3.64,0.874,0.85,0.89,3,20
41_2024-09,41,2024-09,110,87,9,18.92,2.65,3.87,0.669,0.944,0.8,7,14
41_2024-08,41,2024-08,90,76,3,33.18,7.25,4.0,0.768,0.864,0.94,4,11
41_2024-07,41,2024-07,107,49,12,35.18,3.35,4.14,0.626,0.859,0.93,5,6
41_2024-06,41,2024-06,72,75,13,46.76,7.7,4.21,0.888,0.866,0.85,3,17
41_2024-05,41,2024-05,136,96,14,21.3,7.92,4.08,0.719,0.914,0.98,7,11
41_2024-04,41,2024-04,118,52,1,30.24,0.55,3.95,0.608,0.962,0.98,3,0
41_2024-03,41,2024-03,62,63,7,9.05,7.67,3.65,0.766,0.88,0.77,3,5
41_2024-02,41,2024-02,146,28,8,18.75,6.85,4.89,0.634,0.967,0.94,10,11
42_2024-12,42,2024-12,44,55,2,29.23,5.04,3.81,0.646,0.897,0.76,6,7
42_2024-12,42,2024-12,38,100,5,41.77,7.7,4.16,0.726,0.865,0.88,1,17
42_2024-11,42,2024-11,53,61,4,32.13,5.94,4.94,0.862,0.924,0.72,9,20
42_2024-10,42,2024-10,96,68,0,7.28,6.54,3.72,0.885,0.942,0.81,2,7
42_2024-09,42,2024-09,117,71,1,16.5,7.66,3.59,0.643,0.954,0.92,0,17
42_2024-08,42,2024-08,37,68,6,3.51,5.64,4.41,0.647,0.945,0.83,9,7
42_2024-07,42,2024-07,49,41,8,10.49,7.87,4.62,0.793,0.957,0.84,1,3
42_2024-06,42,2024-06,142,107,12,13.15,1.79,4.06,0.717,0.855,0.96,0,18
42_2024-05,42,2024-05,140,25,10,38.15,0.64,3.95,0.828,0.915,0.85,7,18
42_2024-04,42,2024-04,33,87,15,20.1,6.23,4.91,0.796,0.949,0.98,8,5
42_2024-03,42,2024-03,145,85,15,18.6,6.16,4.12,0.702,0.888,0.85,0,13
42_2024-02,42,2024-02,145,92,8,12.71,6.61,4.82,0.858,0.926,0.86,1,4
43_2024-12,43,2024-12,146,19,9,38.6,2.49,4.96,0.857,0.943,0.79,4,10
43_2024-12,43,2024-12,31,44,3,9.47,4.45,4.52,0.883,0.969,0.93,3,7
43_2024-11,43,2024-11,32,79,12,15.93,1.32,4.06,0.665,0.948,0.98,9,9
43_2024-10,43,2024-10,40,42,14,4.95,3.31,3.89,0.797,0.918,0.83,6,13
43_2024-09,43,2024-09,24,18,5,18.36,3.27,4.54,0.747,0.957,0.95,7,9
43_2024-08,43,2024-08,31,73,2,30.71,0.71,4.74,0.756,0.938,0.79,0,1
43_2024-07,43,2024-07,102,119,8,21.93,6.38,4.1,0.842,0.915,0.72,9,8
43_2024-06,43,2024-06,46,18,14,17.75,7.79,4.84,0.601,0.863,0.88,5,15
43_2024-05,43,2024-05,115,76,15,27.09,2.37,4.21,0.815,0.959,0.73,1,16
43_2024-04,43,2024-04,106,105,1,12.61,1.75,3.86,0.885,0.912,0.81,5,6
43_2024-03,43,2024-03,143,111,8,6.29,3.6,4.65,0.668,0.965,0.96,7,14
43_2024-02,43,2024-02,132,84,7,41.49,7.87,4.9,0.673,0.897,0.99,0,4
44_2024-12,44,2024-12,40,97,6,43.06,2.55,3.64,0.692,0.979,0.8,8,20
44_2024-12,44,2024-12,93,18,5,4.02,2.32,3.67,0.676,0.97,0.75,9,17
44_2024-11,44,2024-11,93,112,15,32.62,3.92,4.3,0.817,0.899,0.84,0,11
44_2024-10,44,2024-10,96,46,14,13.96,1.01,3.52,0.703,0.869,0.85,4,4
44_2024-09,44,2024-09,37,113,9,36.78,1.46,4.62,0.857,0.951,0.83,7,4
44_2024-08,44,2024-08,35,95,0,4.76,1.17,3.54,0.801,0.926,0.85,10,13
44_2024-07,44,2024-07,99,36,0,19.59,4.13,3.7,0.622,0.928,0.95,0,12
44_2024-06,44,2024-06,33,67,15,6.26,3.6,4.75,0.74,0.949,0.98,4,10
44_2024-05,44,2024-05,136,30,0,15.89,2.53,4.94,0.627,0.887,0.9,5,19
44_2024-04,44,2024-04,118,104,8,20.28,1.03,3.99,0.771,0.96,0.71,0,2
44_2024-03,44,2024-03,80,105,7,31.44,4.26,3.74,0.712,0.888,0.77,5,8
44_2024-02,44,2024-02,29,90,7,23.51,7.05,3.88,0.765,0.872,0.89,0,9
45_2024-12,45,2024-12,143,23,0,20.31,6.87,4.33,0.895,0.906,0.84,5,1
45_2024-12,45,2024-12,102,32,2,33.19,2.36,4.99,0.743,0.943,0.87,8,8
45_2024-11,45,2024-11,21,17,15,14.98,4.14,3.8,0.897,0.933,0.86,10,0
45_2024-10,45,2024-10,117,82,5,42.35,1.52,4.16,0.702,0.918,0.83,5,17
45_2024-09,45,2024-09,94,85,15,40.15,6.51,4.08,0.733,0.866,0.71,0,9
45_2024-08,45,2024-08,36,96,0,42.64,6.81,3.92,0.833,0.893,0.73,0,6
45_2024-07,45,2024-07,88,100,15,25.16,3.2,4.27,0.671,0.874,0.71,3,19
45_2024-06,45,2024-06,117,68,11,14.47,7.6,4.16,0.629,0.853,0.98,1,11
45_2024-05,45,2024-05,110,54,3,39.89,1.77,3.68,0.64,0.945,0.76,8,17
45_2024-04,45,2024-04,74,42,14,26.12,3.21,4.02,0.632,0.938,0.91,1,13
45_2024-03,45,2024-03,114,57,7,23.26,3.16,4.05,0.683,0.91,0.81,8,20
45_2024-02,45,2024-02,137,86,7,7.53,4.06,3.5,0.898,0.91,0.92,1,6
46_2024-12,46,2024-12,109,36,14,7.49,4.36,3.88,0.856,0.914,0.76,7,3
46_2024-12,46,2024-12,80,117,2,47.57,7.73,3.78,0.824,0.977,0.83,3,15
46_2024-11,46,2024-11,72,60,10,19.85,5.26,4.39,0.758,0.96,0.87,10,3
46_2024-10,46,2024-10,52,21,12,46.71,5.0,3.61,0.727,0.974,0.97,8,14
46_2024-09,46,2024-09,132,34,1,15.39,1.25,4.18,0.788,0.897,0.81,7,7
46_2024-08,46,2024-08,62,91,1,18.63,1.35,4.24,0.751,0.94,0.83,7,16
46_2024-07,46,2024-07,72,53,2,43.78,1.84,3.53,0.645,0.887,0.94,5,18
46_2024-06,46,2024-06,143,62,0,27.53,3.24,4.28,0.773,0.933,0.82,4,1
46_2024-05,46,2024-05,116,38,13,19.19,3.17,4.79,0.711,0.968,0.8,3,14
46_2024-04,46,2024-04,149,108,5,27.09,6.12,4.77,0.656,0.915,0.78,3,12
46_2024-03,46,2024-03,37,32,7,32.5,2.37,3.61,0.609,0.9,0.76,2,17
46_2024-02,46,2024-02,122,32,5,18.74,4.25,4.14,0.856,0.921,0.88,8,20
47_2024-12,47,2024-12,115,75,8,39.76,0.85,3.85,0.801,0.968,0.74,2,14
47_2024-12,47,2024-12,54,80,4,42.76,5.56,4.58,0.727,0.966,0.7,7,20
47_2024-11,47,2024-11,120,48,7,20.74,6.21,4.59,0.724,0.932,0.93,7,12
47_2024-10,47,2024-10,25,112,14,17.3,6.4,4.81,0.663,0.862,0.83,1,6
47_2024-09,47,2024-09,21,20,9,3.53,6.86,4.98,0.682,0.929,0.84,2,17
47_2024-08,47,2024-08,92,94,4,5.81,6.67,3.65,0.627,0.858,0.77,2,3
47_2024-07,47,2024-07,40,39,9,5.25,5.32,4.81,0.652,0.937,0.91,0,10
47_2024-06,47,2024-06,79,23,8,44.11,1.39,4.04,0.842,0.884,0.74,0,15
47_2024-05,47,2024-05,66,99,3,37.95,5.01,3.8,0.744,0.938,0.85,2,3
47_2024-04,47,2024-04,30,37,7,31.68,0.51,4.61,0.827,0.97,0.92,4,7
47_2024-03,47,2024-03,115,91,7,35.81,2.63,4.25,0.628,0.927,0.88,6,13
47_2024-02,47,2024-02,48,108,7,34.69,3.86,3.85,0.825,0.95,0.91,4,0
48_2024-12,48,2024-12,141,64,12,36.28,6.94,3.95,0.717,0.875,0.93,8,16
48_2024-12,48,2024-12,101,34,3,9.32,2.48,4.95,0.622,0.887,0.81,2,1
48_2024-11,48,2024-11,44,97,12,15.81,7.73,4.86,0.795,0.93,0.86,5,0
48_2024-10,48,2024-10,34,89,12,44.5,7.29,4.59,0.78,0.926,1.0,8,3
48_2024-09,48,2024-09,62,88,11,2.82,6.18,4.97,0.635,0.904,0.81,3,5
48_2024-08,48,2024-08,100,76,12,38.0,7.54,4.94,0.791,0.947,0.88,10,12
48_2024-07,48,2024-07,69,91,1,22.03,0.65,4.62,0.655,0.978,0.75,8,18
48_2024-06,48,2024-06,101,104,10,42.91,3.79,4.16,0.614,0.916,0.9,0,15
48_2024-05,48,2024-05,78,42,6,32.41,4.23,3.58,0.775,0.937,0.89,9,10
48_2024-04,48,2024-04,27,100,15,4.0,3.15,4.03,0.666,0.93,0.71,1,15
48_2024-03,48,2024-03,120,66,15,33.26,6.83,3.76,0.872,0.947,0.94,0,5
48_2024-02,48,2024-02,72,52,10,31.26,2.98,4.98,0.696,0.903,0.87,10,19
49_2024-12,49,2024-12,89,41,4,29.09,7.86,3.53,0.834,0.867,0.83,7,18
49_2024-12,49,2024-12,133,17,10,13.93,2.78,4.34,0.695,0.913,0.8,1,11
49_2024-11,49,2024-11,87,86,4,6.99,0.85,4.29,0.782,0.977,0.86,8,20
49_2024-10,49,2024-10,23,19,15,14.29,2.07,3.52,0.601,0.855,0.82,7,17
49_2024-09,49,2024-09,38,67,11,36.41,6.08,4.33,0.642,0.976,0.79,8,12
49_2024-08,49,2024-08,114,115,0,43.7,0.52,3.83,0.607,0.877,0.79,4,6
49_2024-07,49,2024-07,137,29,10,22.43,2.75,3.71,0.732,0.906,0.84,3,5
49_2024-06,49,2024-06,124,52,3,8.71,2.41,4.66,0.73,0.968,0.92,5,5
49_2024-05,49,2024-05,50,56,12,34.6,7.66,4.79,0.662,0.973,0.73,2,15
49_2024-04,49,2024-04,42,32,4,41.27,4.96,3.69,0.795,0.907,0.76,5,12
49_2024-03,49,2024-03,25,16,8,45.67,2.25,3.55,0.667,0.856,0.87,9,3
49_2024-02,49,2024-02,102,88,14,13.54,3.93,3.98,0.661,0.92,0.81,9,11
50_2024-12,50,2024-12,110,108,2,20.86,6.75,4.73,0.832,0.901,0.74,5,18
50_2024-12,50,2024-12,45,40,4,17.24,1.74,4.02,0.628,0.913,0.97,0,18
50_2024-11,50,2024-11,119,38,8,38.26,2.11,4.43,0.741,0.951,0.73,10,14
50_2024-10,50,2024-10,22,64,2,19.58,6.06,4.82,0.615,0.932,0.79,10,19
50_2024-09,50,2024-09,73,50,5,7.83,2.03,4.41,0.628,0.945,0.92,4,12
50_2024-08,50,2024-08,55,58,8,27.21,3.56,4.76,0.603,0.902,0.75,4,4
50_2024-07,50,2024-07,51,101,2,31.71,4.7,4.46,0.866,0.888,0.91,0,18
50_2024-06,50,2024-06,47,45,12,36.99,4.01,4.24,0.817,0.879,0.88,9,5
50_2024-05,50,2024-05,112,26,7,6.14,5.35,4.63,0.615,0.895,0.8,3,2
50_2024-04,50,2024-04,95,16,4,45.92,5.28,4.94,0.638,0.91,0.87,0,10
50_2024-03,50,2024-03,112,23,2,20.82,5.42,4.28,0.737,0.918,0.74,2,9
50_2024-02,50,2024-02,58,39,4,35.5,4.84,4.7,0.748,0.923,0.9,2,19
